Nr,Value 1,Value 2,Value 3,Value 4,Value 5,Value 6,Value 7,Value 8,Value 9,Value 10,Value 11,Value 12,Value 13,Value 14,Value 15,Value 16,Value 17,Value 18,Value 19,Value 20,Value 21,Value 22,Value 23,Value 24,Value 25,Value 26,Value 27,Value 28,Value 29,Value 30,Value 31
1,Austiņas,HP,HyperX Cloud II,Ar galvas stīpu,Melna,Jā,Izvelkams,Jā,Nē,3.5 mm,2 m,53 mm,15 - 25000 Hz,60 Ω,98 dB,"7.1, Surround Sound",Pasīva,24 mēn,Iebūvēta DSP skaņas karte. Mīksti ausu spilventiņi (Memory Foam).,75.5,,,,,,,,,,,
2,Austiņas,Jabra,Engage 40,On-Ear,Melna,Jā,100 - 14000 Hz,Izvelkams,Jā,Nē,USB,2.4 m,20 mm,50 - 20000 Hz,63 g,Nē,24 mēn,184.0,,,,,,,,,,,,,
3,1 gab.,–,1.0 gab.,1 gab.,–,"38,00 €",1 gab.,–,"38,00 €",Austiņas,JBL,Tune 510BT,Ar galvas stīpu,Zila,Jā,Iebūvēts,Jā,Jā,USB-C,32 mm,20 Hz,95 dB,Nē,160 g,40 h,2 h,Uzlādes kabelis,24 mēn,38.0,,
4,Austiņas,Samsung,EO-IA500,In-Ear,Melna,Jā,Jā,Nē,3.5 mm,1.2 m,20 - 20000 Hz,32 Ω,93.2 dB,14.76 g,Nē,24 mēn,"Mūsdienīgs, ergonomisks dizains",14.58,,,,,,,,,,,,,
5,Austiņas,Logitech,Pro X Lightspeed,Ar galvas stīpu,Melna,Jā,1.8 m,20 - 20000 Hz,32 Ω,91.7 dB,Pasīva,20 h,24 mēn,162.0,,,,,,,,,,,,,,,,,
6,Austiņas,Steelseries,Arctis Nova,3,Ar galvas stīpu,Melna,Jā,100 - 10000 Hz,Jā,Nē,USB-C,1.2 m,40 mm,20 - 22000 Hz,36 Ω,93 dB,Aktīva,256 g,Jā,"Arctis Nova 3 austiņas; USB-C uz USB-C galvenais kabelis (1,2 m); USB-C uz USB-A adapteris/pagarinātājs (1,5 m); USB-C līdz 3,5 mm analogais kabelis (1,2 m)",24 mēn,109.99,,,,,,,,,
7,Austiņas,TaoTronics,TT-BH1001,Melna,Jā,Nē,Jā,Bluetooth,6 mm,55 g,Nē,40 h,24 mēn,"Mūsdienīgs, ergonomisks dizains",82.0,,,,,,,,,,,,,,,,
8,Austiņas,Jabra,Elite 5,Bēša,Jā,Bluetooth,20 - 20000 Hz,28 h,3 h,24 mēn,129.0,,,,,,,,,,,,,,,,,,,,
9,Austiņas,Motorola,Moto,Buds-S,Melna,Jā,Iebūvēts,Jā,Bluetooth,6 mm,20 - 20000 Hz,Nē,24 mēn,139.9,,,,,,,,,,,,,,,,,
10,Austiņas,Bose,700,Ar galvas stīpu,Sudraba,Jā,Iebūvēts,Jā,Jā,3.5 mm,1 m,20 - 20000 Hz,Aktīva,20 h,2.5 h,24 mēn,399.99,,,,,,,,,,,,,,
11,Austiņas,Trust,GXT 323 Carus,Ar galvas stīpu,Melna,Jā,Jā,2 x 3.5 mm,1.2 m,20 - 20000 Hz,32 Ω,Pasīva,24 mēn,Ergonomisks dizains,31.87,,,,,,,,,,,,,,,,
12,Austiņas,HyperX,CloudX Stinger Core,Ar galvas stīpu,Melna,Jā,50 - 18000 Hz,Iebūvēts,3.5 mm,20 - 20000 Hz,16 Ω,99 dB,215 g,24 mēn,89.0,,,,,,,,,,,,,,,,
13,Austiņas,Lenovo,Pro Wired Stereo VOIP 4XD0S92991,Ar galvas stīpu,Melna,Jā,Nē,Nē,3.5 mm,1.2 m,150 - 7000 Hz,32 Ω,93.6 dB,Pasīva,142 g,24 mēn,79.0,,,,,,,,,,,,,,
14,Austiņas,JBL,T110,In-Ear,Zila,Jā,Jā,Nē,3.5 mm,1.5 m,9 mm,20 - 20000 Hz,30 mW,16 Ω,112 dB,Nē,13 g,"Austiņas, 2 dažādu izmēru ausu aizbāžņu pāri",24 mēn,JBL Pure Bass tehnoloģija. Izturīgs vads.,8.95,,,,,,,,,,
15,Austiņas,Monster,N-LITE Clear Talk,Melna,Jā,Bluetooth,20 - 20000 Hz,24 h,3 h,24 mēn,74.0,,,,,,,,,,,,,,,,,,,,
16,Austiņas,JBL,WAVE 300 TWS,WAVE 300 TWS,In-Ear,Balta,Jā,Jā,Bluetooth,12 mm,20 - 20000 Hz,Nē,7.7 g,6 h,2 h,24 mēn,59.0,,,,,,,,,,,,,,
17,Austiņas,Razer,BlackShark V2 Pro,Ar galvas stīpu,Melna,Jā,3.5 mm,20 - 20000 Hz,32 Ω,100 dB,Pasīva,24 mēn,Akumulatora darbības laiks - līdz 24 stundām. THX Spatial Audio. Razer™ HyperClear Supercardioid Mikrofons,184.77,,,,,,,,,,,,,,,,,
18,Austiņas,Panasonic,HJE125E,RP-HJE125E-W,In-Ear,Balta,Nē,Nē,Nē,3.5 mm,1.1 m,10.7 mm,10 - 24000 Hz,200 mW,16 Ω,97 dB,Nē,99.8 g,24 mēn,3 maināmas austiņu uzmavas,8.0,,,,,,,,,,
19,Austiņas,Yealink,WH63 UC DECT,On-Ear,Melna,Jā,100 - 10000 Hz,Noņemams,Jā,Jā,13.6 mm,20 - 14000 Hz,32 Ω,116 dB,19 g,8 h,2.5 h,24 mēn,144.0,,,,,,,,,,,,
20,Austiņas,Logitech,Zone,Ar galvas stīpu,Melna,Jā,Jā,Bluetooth,20 - 20000 Hz,Aktīva,24 mēn,Ērts dizains. Qi bezvadu lādēšana. Akumulatora darbības laiks - līdz 14 stundām,181.06,,,,,,,,,,,,,,,,,,
21,Austiņas,Baseus,Bowie,E3,Melna,Jā,Iebūvēts,Jā,Jā,Bluetooth,20 - 20000 Hz,2.0 (Stereo),Nē,35 g,25 h,1 h,24 mēn,24.0,,,,,,,,,,,,,
22,Austiņas,Bang & Olufsen,Beoplay,Portal,Ar galvas stīpu,Pelēka,Jā,Iebūvēts,Jā,40 mm,20 - 20000 Hz,24 Ω,95 dB,Aktīva,282 g,12 h,3 h,24 mēn,392.0,,,,,,,,,,,,
23,Austiņas,Razer,Kraken X Lite,Ar galvas stīpu,Melna,Jā,100 - 10000 Hz,3.5 mm,12 - 28000 Hz,32 Ω,109 dB,250 g,24 mēn,36.73,,,,,,,,,,,,,,,,,
24,Austiņas,Sennheiser,HD 569,Ar galvas stīpu,Melna,Nē,Jā,Nē,6.3 mm,3 m,10 - 28000 Hz,23 Ω,Nē,24 mēn,168.9,,,,,,,,,,,,,,,,
25,1 gab.,–,1.0 gab.,1 gab.,–,"99,00 €",1 gab.,–,"99,00 €",Austiņas,Razer,BlackShark V2,Ar galvas stīpu,Melna,Jā,3.5 mm,1.8 m,12 - 28000 Hz,32 Ω,100 dB,Pasīva,24 mēn,THX Spatial Audio. Ergonomisks dizains,99.0,,,,,,,
26,Austiņas,Audio-Technica,ATH-R70X,Ar galvas stīpu,Melna,Nē,2 x 3.5 mm,5 - 40000 Hz,470 Ω,99 dB,Nē,24 mēn,"Ērtas, īpaši vieglas. Noņemams vads, somiņa",301.3,,,,,,,,,,,,,,,,,
27,Austiņas,JBL,Tune 230 NC TWS,TUNE 230 NC TWS,In-Ear,Zila,Jā,Bluetooth,6 mm,20 - 20000 Hz,Aktīva,10 h,2 h,24 mēn,92.06,,,,,,,,,,,,,,,,
28,Austiņas,Razer,Kaira X,Ar galvas stīpu,Melna,Jā,100 - 10000 Hz,Jā,Nē,3.5 mm,1.3 m,50 mm,20 - 20000 Hz,32 Ω,96 dB,2.0 (Stereo),Nē,283 g,Nē,24 mēn,Saderība: Xbox One/Xbox One S/Xbox One X/Xbox Series X|S; PC (Windows 10 >),66.04,,,,,,,,,
29,Austiņas,HyperX,Boeing 747-8F,Cloud,On-Ear,Melna,Jā,50 - 18000 Hz,Izvelkams,Jā,Nē,3.5 mm,53 mm,15 - 25000 Hz,41 Ω,95 dB,2.0 (Stereo),337 g,24 mēn,59.99,,,,,,,,,,,
30,Austiņas,Samsung,-,AKG,In-Ear,Balta,Jā,Iebūvēts,USB-C,20 - 20000 Hz,32 Ω,92 dB,24 mēn,11.0,,,,,,,,,,,,,,,,,
31,Austiņas,Jabra,Evolve2 85 Link380a UC Stereo,Ar galvas stīpu,Melna,Jā,3.5 mm,20 - 20000 Hz,117 dB,Aktīva,Izcila skaņas kvalitāte. Ērti ausu spilventiņi. BusyLight indikators,489.0,,,,,,,,,,,,,,,,,,,
32,Austiņas,JBL,Tune 510BT,Ar galvas stīpu,Balta,Jā,Iebūvēts,Jā,Jā,USB-C,32 mm,20 Hz,95 dB,Nē,160 g,40 h,2 h,Uzlādes kabelis,24 mēn,34.99,,,,,,,,,,,
33,Austiņas,Logitech,G733,Ar galvas stīpu,Melna,Jā,Jā,USB,20 - 20000 Hz,39 Ω,87 dB,Pasīva,29 h,24 mēn,Akumulatora darbības laiks - līdz 29 stundām (bez apgaismojuma),131.24,,,,,,,,,,,,,,,
34,Austiņas,Jabra,Elite,Elite 3 Active,Melna,Jā,Bluetooth,24 mēn,70.0,,,,,,,,,,,,,,,,,,,,,,
35,Austiņas,Beyerdynamic,Xelento Remote 2nd Gen,In-Ear,Sudraba,Jā,Nē,Nē,3.5 mm,11 mm,10 - 50000 Hz,16 Ω,114 dB,Nē,Vienību skaits iepakojumā,1,24 mēn,1019.0,,,,,,,,,,,,,
36,Austiņas,Philips,SHP9600/00,Ar galvas stīpu,Melna,Nē,3.5 mm,3 m,50 mm,12 - 35000 Hz,200 mW,32 Ω,101 dB,2.0 (Stereo),1.28 g,24 mēn,88.0,,,,,,,,,,,,,,
37,Austiņas,Setty,Universal X-Bass,Universal X-Bass,In-Ear,Zila,Nē,Nē,3.5 mm,0.9 m,20 - 20000 Hz,16 Ω,96 dB,Stereo,Pasīva,24 mēn,Augstas kvalitātes austiņas,4.29,,,,,,,,,,,,,
38,Austiņas,Philips,SHK2000,Ar galvas stīpu,Rozā,Nē,Nē,Nē,3.5 mm,32 mm,12 - 22000 Hz,32 Ω,99 dB,Pasīva,0.1002 g,24 mēn,Ergonomiska konstrukcija. Mīksti ausu spilventiņi,12.99,,,,,,,,,,,,,
39,Austiņas,Jabra,Evolve2 75,MS Link380a,Ar galvas stīpu,Melna,Jā,100 - 8000 Hz,Iebūvēts,Jā,Jā,1.2 m,40 mm,20 - 20000 Hz,30 mW,Aktīva,197 g,Nē,36 h,2.6 h,24 mēn,282.0,,,,,,,,,
40,Austiņas,Audio-Technica,ATH-ANC100BT,In-Ear,Melna,Jā,Nē,Nē,3.5 mm,0.6 m,20 - 20000 Hz,16 Ω,103 dB,Aktīva,10 h,24 mēn,Dažāda izmēra austiņu uzmavas.,107.0,,,,,,,,,,,,,
41,Austiņas,Media-Tech,R-PHONES TWS MT3589,Balta,Jā,Nē,Jā,20 - 20000 Hz,Nē,8 g,24 mēn,True Wireless Stereo tehnoloģija,10.0,,,,,,,,,,,,,,,,,,
42,Austiņas,Jabra,Pro 920,Ar galvas stīpu,Melna,Jā,Jā,Jā,20 - 20000 Hz,Nē,24 mēn,Elegants dizains,173.0,,,,,,,,,,,,,,,,,,
43,Austiņas,Razer,Barracuda X,Barracuda X,Ar galvas stīpu,Melna,Jā,100 - 10000 Hz,Izvelkams,Jā,Bluetooth,40 mm,20 - 20000 Hz,32 Ω,96 dB,2.0 (Stereo),250 g,Nē,20 h,24 mēn,109.0,,,,,,,,,,
44,Austiņas,Philips,TAKH402,Ar galvas stīpu,Zila,Jā,Iebūvēts,Jā,Jā,Bluetooth,32 mm,20 - 20000 Hz,32 Ω,95 dB,2.0 (Stereo),Pasīva,100 g,20 h,2 h,24 mēn,Piemērots bērniem. Ērts dizains. LED apgaismojums.,41.0,,,,,,,,,
45,Austiņas,Philips,TAH8506,TAH8506BK/00,Melna,Jā,Jā,Jā,2.5 mm,40 mm,7 - 40000 Hz,30 mW,32 Ω,105 dB,Aktīva,279 g,45 h,2 h,24 mēn,94.34,,,,,,,,,,,
46,Austiņas,Steelseries,Arctis Nova,7P,Ar galvas stīpu,Melna,Jā,100 - 6500 Hz,Jā,Jā,Bluetooth,40 mm,20 - 22000 Hz,36 Ω,93 dB,Aktīva,38 h,0.25 h,"Arctis Nova 7P bezvadu austiņas; Kompakts USB-C bezvadu sargspraudnis; USB-C uz USB-A dongle pagarinātāja kabelis (1,5 m); USB-C uz USB-A kabelis (1,5 m); 3,5 mm līdz 3,5 mm audio kabelis - 5 polu līdz 4 polu (1,2 m); 2x noņemamas magnētiskās ausu plāksnes",24 mēn,199.99,,,,,,,,,,
47,Austiņas,Logitech,Zone True Wireless,985-001082,Grafīta,Jā,100 - 8000 Hz,Iebūvēts,Jā,Bluetooth,12 mm,20 - 20000 Hz,Aktīva,59 g,Nē,6 h,2.5 h,24 mēn,369.0,,,,,,,,,,,,
48,Austiņas,Audio-Technica,ATH-PRO5X,Ar galvas stīpu,Balta,Nē,Jā,Nē,3.5 mm,1.2 m,40 mm,5 - 35000 Hz,34 Ω,100 dB,Pasīva,250 g,24 mēn,Izcila skaņas kvalitāte,107.0,,,,,,,,,,,,
49,Austiņas,Turtle Beach,Stealth 700 Gen 2 MAX,Melna,Jā,Izvelkams,Jā,Jā,50 mm,20 - 22000 Hz,2.0 (Stereo),40 h,24 mēn,259.9,,,,,,,,,,,,,,,,,
50,Austiņas,Philips,TAT8506,TAT8506WT/00,Balta,Jā,Iebūvēts,Jā,Bluetooth,13 mm,7 - 40000 Hz,5 mW,16 Ω,104 dB,Aktīva,71 g,Jā,9 h,2 h,24 mēn,Profesionāla trokšņu slāpēšana. Vēja trokšņa mazināšana. Izsmalcināts dizains.,148.0,,,,,,,,,
51,Austiņas,Plantronics,Blackwire 5220 USB C,Ar galvas stīpu,Melna,Jā,100 - 8000 Hz,Jā,Nē,3.5 mm,20 - 20000 Hz,118 dB,Aktīva,24 mēn,122.0,,,,,,,,,,,,,,,,
52,Austiņas,Philips,TAUE100BK/00,In-Ear,Melna,Nē,Nē,Nē,3.5 mm,1 m,14.2 mm,20 - 20000 Hz,5 mW,32 Ω,106 dB,2.0 (Stereo),Nē,13 g,24 mēn,Ergonomisks dizains,5.49,,,,,,,,,,
53,Austiņas,Philips,TAH8506,TAH8506WT/00,Balta,Jā,Jā,Jā,2.5 mm,40 mm,7 - 40000 Hz,30 mW,32 Ω,105 dB,Aktīva,279 g,45 h,2 h,24 mēn,96.53,,,,,,,,,,,
54,Austiņas,Sony,WF-C500,WF-C500/W,Balta,Jā,Iebūvēts,Nē,Jā,Bluetooth,20 - 20000 Hz,Aktīva,46 g,Nē,9 h,24 mēn,"Mūsdienīgs, ergonomisks dizains.",69.99,,,,,,,,,,,,,
55,Austiņas,JBL,Tune 500,Ar galvas stīpu,Melna,Jā,Jā,Nē,3.5 mm,1.18 m,20 - 20000 Hz,32 Ω,Nē,24 mēn,JBL Pure Bass tehnoloģija. Salokāma konstrukcija,25.99,,,,,,,,,,,,,,,
56,Austiņas,Logitech,Zone,Melna,Bluetooth versija,5.0,Jā,Jā,Nē,Bluetooth,32 mm,30 - 13000 Hz,181 g,Nē,14 h,24 mēn,222.0,,,,,,,,,,,,,,
57,Austiņas,Yealink,UH38 Dual,Melna,Jā,100 - 14000 Hz,Iebūvēts,Jā,Bluetooth,1.2 m,180 g,Nē,8 h,24 mēn,123.3,,,,,,,,,,,,,,,,
58,Austiņas,Panasonic,HJE125E,RP-HJE125E-K,In-Ear,Sarkana,Nē,Nē,Nē,3.5 mm,1.1 m,10.7 mm,10 - 24000 Hz,200 mW,16 Ω,97 dB,Nē,99.8 g,24 mēn,3 maināmas austiņu uzmavas,9.99,,,,,,,,,,
59,Austiņas,Beyerdynamic,DT 990,Ar galvas stīpu,Melna,Nē,Nē,3.5 mm,1.2 m,5 - 35000 Hz,250 Ω,96 dB,Nē,250 g,24 mēn,Dzidra skaņa ar dziļiem basiem. Tērauda galvas stīpa. Viendzīslas kabelis samazina sapīšanos. Mīksti ausu spilventiņi.,221.9,,,,,,,,,,,,,,
60,Austiņas,Jabra,Evolve 80 Duo MS,Ar galvas stīpu,Melna,Jā,Jā,Nē,3.5 mm,20 - 20000 Hz,Aktīva,24 mēn,LED indikators. Zvanu pāradresēšana uz mobilajām ierīcēm. Optimizētas lietošanai ar Microsoft Skype.,359.0,,,,,,,,,,,,,,,,,
61,Austiņas,Sony,MDRRF811RK.EU8,Ar galvas stīpu,Melna,Nē,Nē,Jā,40 mm,20 - 20000 Hz,32 Ω,102 dB,Nē,270 g,13 h,24 mēn,Mīksti ausu spilventiņi. Regulējama galvas stīpa. Neodīmas magnēts. Wireless darbības radiuss - līdz 100 m.,48.89,,,,,,,,,,,,,
62,Austiņas,A4Tech,EVO Vhead 50,Ar galvas stīpu,Melna,Jā,Jā,Nē,3.5 mm,2 m,20 - 20000 Hz,32 Ω,Nē,24 mēn,Regulējama galvas stīpa,9.0,,,,,,,,,,,,,,,
63,1 gab.,–,1.0 gab.,1 gab.,–,"169,81 €",1 gab.,–,"169,81 €",Austiņas,Audio-Technica,ATH-M50XBT2,Ar galvas stīpu,Melna,Jā,Iebūvēts,Jā,45 mm,15 - 28000 Hz,38 Ω,99 dB,24 mēn,169.81,,,,,,,,
64,Austiņas,EPOS,Sennheiser Adapt 560 II,On-Ear,Melna,Jā,100 - 10000 Hz,Izvelkams,Nē,Jā,Bluetooth,20 - 20000 Hz,32 Ω,Aktīva,232 g,Nē,46 h,3.7 h,24 mēn,217.0,,,,,,,,,,,
65,Austiņas,Edifier,Cat version,G5BT,Ar galvas stīpu,Gaiši zila,Jā,Izvelkams,Jā,Jā,3.5 mm,40 mm,20 - 40000 Hz,32 Ω,38 dB,350 g,Jā,24 mēn,94.12,,,,,,,,,,,,
66,Austiņas,Logitech,H390,Ar galvas stīpu,Melna,Jā,100 - 10000 Hz,Jā,Nē,USB,1.9 m,20 - 20000 Hz,31 Ω,94 dB,Nē,24 mēn,Ergonomisks dizains,72.0,,,,,,,,,,,,,
67,Austiņas,Audio Technica,ATH-S220BT,ATH-S220BT,Melna,Jā,50 - 4000 Hz,Iebūvēts,3.5 mm,1.2 m,40 mm,5 - 32000 Hz,32 Ω,105 dB,180 g,Nē,60 h,4 h,24 mēn,65.4,,,,,,,,,,,
68,Austiņas,Beats,Fit Pro,Fit Pro,In-Ear,Rozā,Jā,Iebūvēts,Jā,Jā,Bluetooth,Stereo,Aktīva,Skaļruņu skaits,2,66.3 g,Lithium,Nē,6 h,"Austiņas, Ciets uzlādes maciņš, USB-C kabelis",Vienību skaits iepakojumā,1,24 mēn,236.0,,,,,,,
69,Austiņas,Baseus,Bowie E2,Bowie E2,Balta,Jā,Iebūvēts,Nē,Jā,Bluetooth,20 - 20000 Hz,Nē,5 h,1.5 h,24 mēn,Ergonomisks dizains,33.0,,,,,,,,,,,,,,
70,Austiņas,EPOS,Sennheiser Adapt 661,Melna,Jā,150 - 6800 Hz,Iebūvēts,Jā,Bluetooth,17 - 23000 Hz,227 g,Nē,30 h,3 h,24 mēn,366.0,,,,,,,,,,,,,,,
71,Austiņas,Baseus,-,WM01,Melna,Bluetooth versija,5.3,Nē,Bluetooth,20 - 20000 Hz,5 h,1.5 h,24 mēn,28.99,,,,,,,,,,,,,,,,,
72,Austiņas,Audio-Technica,ATH-M40x,Ar galvas stīpu,Melna,Nē,Nē,3.5 mm,3 m,40 mm,15 - 24000 Hz,35 Ω,96 dB,24 mēn,Mīksti ausu spilventiņi. Regulējama galvas stīpa. Polsterēta galvas stīpa. 40 mm driver Neodīmas magnēts. Noslēgta konstrukcija bloķē apkārtējās skaņas.,113.95,,,,,,,,,,,,,,,
73,Austiņas,Corsair,HS35,HS35,Ar galvas stīpu,Zila,Jā,Noņemams,Jā,Nē,3.5 mm,1.1 m,20 - 20000 Hz,32 Ω,113 dB,Pasīva,24 mēn,Ērti ausu spilventiņi. Augstas kvalitātes skaņa,51.55,,,,,,,,,,,,
74,Austiņas,Esperanza,EGH460,Ar galvas stīpu,Melna,Jā,30 - 16000 Hz,Jā,Nē,USB,2 m,20 - 20000 Hz,150 mW,32 Ω,105 dB,Pasīva,24 mēn,LED apgaismojums,13.15,,,,,,,,,,,,
75,Austiņas,Dell,AW720H,545-BBFD,On-Ear,Balta,Jā,Izvelkams,Jā,3.5 mm,20 - 40000 Hz,32 Ω,105 dB,Aktīva,348 g,24 mēn,170.36,,,,,,,,,,,,,,
76,Austiņas,Razer,Hammerhead HyperSpeed,RZ12-03820200-R3G1,Melna,Bluetooth versija,5.2,Jā,Iebūvēts,Jā,Bluetooth,10 mm,20 - 20000 Hz,16 Ω,91 dB,Aktīva,43 g,4.5 h,24 mēn,158.9,,,,,,,,,,,
77,Austiņas,Beats,Fit Pro,Fit Pro,In-Ear,Violeta,Jā,Iebūvēts,Jā,Jā,Bluetooth,Stereo,Aktīva,Skaļruņu skaits,2,66.3 g,Lithium,Nē,6 h,"Austiņas, Ciets uzlādes maciņš, USB-C kabelis",Vienību skaits iepakojumā,1,24 mēn,Ergonomisks dizains,249.99,,,,,,
78,Austiņas,Philips,TAH-4205,TAH4205WT/00,Ar galvas stīpu,Balta,Jā,Iebūvēts,Jā,Jā,Bluetooth,20 - 20000 Hz,32 Ω,110 dB,Pasīva,29 h,2 h,24 mēn,33.99,,,,,,,,,,,,
79,Austiņas,Shure,Aonic 40,SBH1DYWH1,Ar galvas stīpu,Balta,Jā,Iebūvēts,Jā,3.5 mm,Aktīva,Nē,25 h,24 mēn,Komplektā iekļauts: futrālis ar rāvējslēdzēju.,230.0,,,,,,,,,,,,,,,
80,Austiņas,Steelseries,Arctis Nova Pro,Ar galvas stīpu,Melna,Jā,100 - 6500 Hz,Izvelkams,Bluetooth,40 mm,10 - 22000 Hz,38 Ω,93 dB,Nē,24 mēn,Ergonomisks dizains,349.0,,,,,,,,,,,,,,
81,Austiņas,Huawei,FreeBuds 5,Oranža,Bluetooth versija,5.0,Jā,Iebūvēts,Jā,Bluetooth,11 mm,16 - 40000 Hz,Skaļruņu skaits,2,5 h,4 h,Vienību skaits iepakojumā,1,24 mēn,171.9,,,,,,,,,,,
82,Austiņas,Sennheiser,HD 450 BT BLACK,Ar galvas stīpu,Melna,Jā,80 - 6000 Hz,Iebūvēts,Jā,Jā,USB-C,1.5 m,18 - 22000 Hz,Aktīva,238 g,30 h,2 h,24 mēn,137.56,,,,,,,,,,,,
83,Austiņas,Corsair,HS80 RGB,HS80 RGB USB,Ar galvas stīpu,Melna,Jā,100 - 10000 Hz,Nē,Nē,USB,1.8 m,50 mm,20 - 40000 Hz,32 Ω,116 dB,Dolby Audio,Pasīva,371 g,Jā,"Austiņas ar mikrofonu, vads",24 mēn,143.06,,,,,,,,
84,Austiņas,Philips,TAT2206,TAT2206BK/00,Melna,Jā,20 - 20000 Hz,Iebūvēts,Jā,Jā,Bluetooth,6 mm,20 - 20000 Hz,5 mW,16 Ω,101 dB,"1.0 (Mono), 2.0 (Stereo)",130 g,18 h,2 h,"- USB kabelis: USB-C kabelis
- Uzlādes korpuss
- Austiņas: 3 izmēri",24 mēn,Sarunu laiks: 6 + 12 stundas. Mūzikas atskaņošanas laiks: 6 + 12 st.,27.0,,,,,,,
85,1 gab.,–,1.0 gab.,1 gab.,–,"136,20 €",1 gab.,–,"136,20 €",Austiņas,Logitech,G535 Lightspeed,Melna,Jā,100 - 10000 Hz,Izvelkams,Jā,Jā,20 - 20000 Hz,36 Ω,88 dB,2.0 (Stereo),236 g,Nē,33 h,24 mēn,136.2,,,,
86,Austiņas,Trust,Comi,Ar galvas stīpu,Zila,Jā,Iebūvēts,20 - 20000 Hz,85 Ω,38 dB,Nē,24 mēn,20.0,,,,,,,,,,,,,,,,,,
87,Austiņas,Logitech,H820E,Ar galvas stīpu,Melna,Jā,Jā,Jā,100 - 7000 Hz,103 dB,Pasīva,24 mēn,LED indikatori. Rādiuss: 100 m.,127.0,,,,,,,,,,,,,,,,,
88,Austiņas,Logitech,G733,Ar galvas stīpu,Violeta,Jā,Jā,USB,20 - 20000 Hz,39 Ω,87 dB,Pasīva,29 h,24 mēn,Akumulatora darbības laiks - līdz 29 stundām (bez apgaismojuma),138.0,,,,,,,,,,,,,,,
89,Austiņas,Philips,TAT1215BK/10,In-Ear,Melna,Jā,Bluetooth,20 - 20000 Hz,53 g,18 h,6 h,24 mēn,24.99,,,,,,,,,,,,,,,,,,
90,Austiņas,Manhattan,Ar galvas stīpu,Melna,Jā,Izvelkams,Nē,Nē,USB,1.5 m,30 - 16000 Hz,32 Ω,103 dB,2.0 (Stereo),71 g,Nē,24 mēn,61.0,,,,,,,,,,,,,
91,Austiņas,Beyerdynamic,TYGR 300R,Ar galvas stīpu,Melna,Nē,Jā,Nē,3.5 mm,1.6 m,5 - 35000 Hz,32 Ω,96 dB,Nē,24 mēn,Komplektā: Beyerdynamic TYGR 300R. FOX Professional USB Studio mikrofons,368.4,,,,,,,,,,,,,,
92,Austiņas,Philips,UpBeat TAUH201,Ar galvas stīpu,Melna,Jā,Jā,Nē,3.5 mm,1.2 m,32 mm,20 - 20000 Hz,10 mW,32 Ω,102 dB,Pasīva,131.5 g,24 mēn,Salokāma konstrukcija,12.99,,,,,,,,,,,
93,Austiņas,JBL,Tune 115 TWS,Tune 115 TWS,Balta,Jā,Iebūvēts,Jā,Bluetooth,20 - 20000 Hz,14 Ω,96 dB,24 mēn,52.0,,,,,,,,,,,,,,,,,
94,Austiņas,Corsair,HS55 Surround,Surround,Ar galvas stīpu,Balta,Jā,1000 - 10000 Hz,Noņemams,Jā,Nē,3.5 mm,1.8 m,50 mm,20 - 20000 Hz,32 Ω,111 dB,"Dolby Audio, Stereo",284 g,Nē,24 mēn,Microphone Impedance: 2.2k Ω,79.99,,,,,,,,
95,Austiņas,Philips,TAE1105,TAE1105WT/00,In-Ear,Balta,Jā,Iebūvēts,Jā,Nē,3.5 mm,1.2 m,8.6 mm,20 - 20000 Hz,10 mW,16 Ω,102 dB,2.0 (Stereo),Pasīva,39 g,24 mēn,Ergonomisks dizains,8.9,,,,,,,,
96,Austiņas,Audio-Technica,ATH-M50x,Ar galvas stīpu,Melna,Nē,Jā,Nē,3.5 mm,3 m,45 mm,15 - 28000 Hz,1600 mW,38 Ω,99 dB,Pasīva,285 g,24 mēn,"Mīksti ausu spilventiņi. Regulējama galvas stīpa. Polsterēta galvas stīpa. 45 mm driver Neodīmas magnēts. Slēgta tipa austiņas, lai mazinātu trokšņus",140.0,,,,,,,,,,,
97,Austiņas,Logitech,H650e Mono,Ar galvas stīpu,Melna,Jā,Jā,Nē,USB,1.2 m,50 - 10000 Hz,32 Ω,90 dB,1.0 (Mono),24 mēn,Wideband Technology. Iebūvēts skaļuma regulators. Regulējams un pagriežams trokšņu slāpēšanas mikrofons. Zvanu aktivizēšanas poga. Mīksta auduma galvas stīpas pārvalks papildu ērtumam.,55.0,,,,,,,,,,,,,,
98,Austiņas,Sony,Pulse 3D,Melna,Jā,Iebūvēts,Jā,3.5 mm,12 h,24 mēn,99.99,,,,,,,,,,,,,,,,,,,,
99,1 gab.,–,1.0 gab.,1 gab.,–,"16,99 €",1 gab.,–,"16,99 €",Austiņas,Trust,GXT 411,Ar galvas stīpu,Melna,Jā,100 - 8000 Hz,Iebūvēts,Jā,Nē,3.5 mm,1 m,40 mm,20 - 20000 Hz,36 Ω,108 dB,Nē,309 g,Nē,24 mēn,16.99,
100,Austiņas,Steelseries,Arctis,7X,Melna,Jā,100 - 6500 Hz,Izvelkams,Jā,Jā,3.5 mm,40 mm,20 - 20000 Hz,7.1,Jā,24 h,24 mēn,214.9,,,,,,,,,,,,,
101,Austiņas,Apple,AirPods Max,Ar galvas stīpu,Zaļa,Jā,Iebūvēts,Jā,Jā,Bluetooth,20 - 20000 Hz,Aktīva,20 h,24 mēn,769.0,,,,,,,,,,,,,,,,
102,Austiņas,Logitech,G435,Melna,Jā,100 - 8000 Hz,Iebūvēts,Jā,Bluetooth,40 mm,20 - 20000 Hz,83.1 dB,2.0 (Stereo),165 g,Nē,18 h,24 mēn,69.99,,,,,,,,,,,,,
103,Austiņas,Razer,Kaira X,Kaira X,Ar galvas stīpu,Balta,Jā,100 - 10000 Hz,Izvelkams,Jā,Nē,3.5 mm,1.3 m,50 mm,20 - 20000 Hz,32 Ω,96 dB,283 g,Nē,24 mēn,60.0,,,,,,,,,,
104,Austiņas,Panasonic,RP-HV154E,Standarta bez stīpas,Melna,Nē,Nē,Nē,3.5 mm,1.2 m,9 mm,20 - 20000 Hz,100 mW,17 Ω,104 dB,Stereo,Pasīva,6 g,24 mēn,C.C.A.W provides light weight and long lifel. XBS extra base system.,7.26,,,,,,,,,,
105,Austiņas,1More,SonoFlow,Ar galvas stīpu,Melna,Bluetooth versija,5.0,Jā,Iebūvēts,Jā,Bluetooth,20 - 20000 Hz,Aktīva,250 g,Nē,50 h,1.3 h,24 mēn,113.9,,,,,,,,,,,,
106,Austiņas,Xiaomi,Redmi Buds 3 Lite,Redmi Buds 3 Lite,Balta,Jā,Iebūvēts,Jā,Bluetooth,20 - 20000 Hz,32 Ω,2.0 (Stereo),36 g,Nē,5 h,1.5 h,24 mēn,Ar IP54 putekļu un ūdens izturību,20.93,,,,,,,,,,,,
107,Austiņas,Yealink,BH72 UC with Charging Stand,Ar galvas stīpu,Pelēka,Jā,Izvelkams,Jā,Bluetooth,35 mm,20 - 20000 Hz,117 dB,189 g,Nē,40 h,2.5 h,24 mēn,176.9,,,,,,,,,,,,,
108,Austiņas,Samsung,Galaxy Buds Live,In-Ear,Oranža,Jā,Iebūvēts,Jā,Bluetooth,12 mm,20 - 20000 Hz,Aktīva,6 h,24 mēn,119.2,,,,,,,,,,,,,,,,
109,Austiņas,Razer,Kaira,RZ04-03980100-R3M1,Ar galvas stīpu,Balta,Jā,100 - 10000 Hz,Noņemams,Jā,Jā,Bluetooth,50 mm,20 - 20000 Hz,32 Ω,108 dB,Aktīva,332 g,Nē,30 h,24 mēn,Saderība: PlayStation 5 / PlayStation 4. PC. Ierīces ar Bluetooth audio ietilpību.,99.0,,,,,,,,
110,Austiņas,Philips,TAUH202,TAUH202BK/00,Ar galvas stīpu,Melna,Jā,Iebūvēts,Jā,Jā,Bluetooth,21 mm,20 - 20000 Hz,32 Ω,102 dB,Nē,195 g,15 h,3 h,24 mēn,Salokāmas,27.0,,,,,,,,,
111,Austiņas,Steelseries,Arctis Nova Pro X,Ar galvas stīpu,Melna,Jā,Izvelkams,USB,20 - 20000 Hz,Stereo,Aktīva,Nē,24 mēn,"Mūsdienīgs, ergonomisks dizains.",339.0,,,,,,,,,,,,,,,,
112,Austiņas,Philips,TAA1105BK/00,Aiz auss,Melna,Jā,Jā,Nē,3.5 mm,1.2 m,15 mm,20 - 20000 Hz,16 Ω,96 dB,2.0 (Stereo),Pasīva,57.51 g,24 mēn,Izcili piemērotas fiziskajām aktivitātēm,12.99,,,,,,,,,,,
113,Austiņas,Corsair,HS65 Surround,HS65,Ar galvas stīpu,Balta,Jā,100 - 10000 Hz,Noņemams,Jā,Nē,3.5 mm,1.5 m,50 mm,20 - 20000 Hz,32 Ω,111 dB,"Dolby Atmos, Stereo",Aktīva,282 g,Nē,24 mēn,Microphone Impedance: 2.2k Ω,98.81,,,,,,,
114,Austiņas,Beats,Fit Pro,Fit Pro,In-Ear,Melna,Jā,Iebūvēts,Jā,Jā,Bluetooth,Stereo,Aktīva,Skaļruņu skaits,2,66.3 g,Lithium,Nē,6 h,"Austiņas, Ciets uzlādes maciņš, USB-C kabelis",Vienību skaits iepakojumā,1,24 mēn,215.0,,,,,,,
115,Austiņas,Blow,B-11,In-Ear,Melna,Jā,Nē,Nē,3.5 mm,1.2 m,13 - 22500 Hz,32 Ω,110 dB,Nē,14 g,24 mēn,Maināmas austiņu uzmavas,4.0,,,,,,,,,,,,,
116,Austiņas,Beats,Fit Pro,Fit Pro,In-Ear,Balta,Jā,Iebūvēts,Jā,Jā,Bluetooth,Stereo,Aktīva,Skaļruņu skaits,2,66.3 g,Lithium,Nē,6 h,24 h,"Austiņas, Ciets uzlādes maciņš, USB-C kabelis",Vienību skaits iepakojumā,1,24 mēn,219.0,,,,,,
117,Austiņas,Sony,-,WF-C700N,Zila,Nē,Jā,Bluetooth,5 mm,20 - 20000 Hz,40.2 g,10 h,1.5 h,24 mēn,119.39,,,,,,,,,,,,,,,,
118,Austiņas,JBL,Reflect Flow Pro,Balta,Bluetooth versija,5.0,Jā,Iebūvēts,Nē,Jā,Bluetooth,6.8 mm,20 - 20000 Hz,16 Ω,100 dB,61.5 g,Jā,10 h,2 h,Vienību skaits iepakojumā,4,24 mēn,IP68,195.9,,,,,,,
119,Austiņas,HyperX,Cloud Orbit,HX-HSCOS-GM/WW,Ar galvas stīpu,Melna,Jā,Izvelkams,Jā,Jā,3.5 mm,3 m,100 mm,10 - 50000 Hz,120 dB,368 g,Nē,10 h,24 mēn,"Mūsdienīgs, ergonomisks dizains",235.9,,,,,,,,,,
120,Austiņas,Jabra,Evolve2 40 USB-A UC Stereo,Ar galvas stīpu,Melna,Jā,USB,20 - 20000 Hz,Pasīva,111.69,,,,,,,,,,,,,,,,,,,,,
121,Austiņas,EPOS,H3 PRO,Hybrid,Ar galvas stīpu,Zaļa,Jā,100 - 7500 Hz,Nē,Nē,3.5 mm,2 m,20 - 20000 Hz,116 dB,Pasīva,308 g,Nē,2 h,24 mēn,319.0,,,,,,,,,,,
122,Austiņas,MSI,Immerse,GH20,Ar galvas stīpu,Melna,Jā,Jā,3.5 mm,1.5 m,20 - 20000 Hz,32 Ω,95 dB,Pasīva,24 mēn,34.0,,,,,,,,,,,,,,,
123,Austiņas,Audio-Technica,ATH-M20xBT,Ar galvas stīpu,Melna,Jā,50 - 20000 Hz,Jā,Bluetooth,40 mm,5 - 32000 Hz,10 mW,36 Ω,100 dB,216 g,Nē,4 h,24 mēn,Ergonomisks dizains,80.44,,,,,,,,,,,
124,Austiņas,Sony,MDR-ZX110,MDRZX110B.AE,Ar galvas stīpu,Melna,Nē,Jā,Nē,3.5 mm,1.2 m,30 mm,12 - 22000 Hz,100 mW,24 Ω,98 dB,Nē,118 g,24 mēn,Viegli salokāmas,14.99,,,,,,,,,,
125,1 gab.,–,1.0 gab.,1 gab.,–,"22,00 €",1 gab.,–,"22,00 €",Austiņas,Baseus,Bowie,E3,Balta,Jā,Iebūvēts,Jā,Jā,Bluetooth,20 - 20000 Hz,2.0 (Stereo),Nē,35 g,25 h,1 h,24 mēn,22.0,,,,
126,Austiņas,Apple,Powerbeats Pro,Smilškrāsas,Jā,Iebūvēts,80 dB,Stereo,Aktīva,Skaļruņu skaits,2,Lithium,Vienību skaits iepakojumā,1,12 mēn,249.0,,,,,,,,,,,,,,,
127,Austiņas,Sony,MDR-ZX310AP,Ar galvas stīpu,Melna,Jā,Nē,Nē,3.5 mm,1.2 m,30 mm,10 - 24000 Hz,24 Ω,98 dB,Nē,24 mēn,Mīksti ausu spilventiņi. Regulējama galvas stīpa. Lieli 30 mm skaļruņi. Saliekama konstrukcija.,20.99,,,,,,,,,,,,,
128,Austiņas,Samsung,Galaxy Buds2,In-Ear,Zaļa,Jā,Iebūvēts,Nē,Jā,Bluetooth,20 - 20000 Hz,2.0 (Stereo),Aktīva,5 g,Nē,5 h,0.25 h,24 mēn,113.32,,,,,,,,,,,,
129,Austiņas,Baseus,-,WM01,Balta,Nē,Jā,Bluetooth,20 - 20000 Hz,5 h,1.5 h,24 mēn,28.99,,,,,,,,,,,,,,,,,,
130,Austiņas,Beyerdynamic,MMX150,Ar galvas stīpu,Melna,Jā,Jā,Jā,3.5 mm,1.2 m,40 mm,20 - 20000 Hz,Stereo,Aktīva,Nē,24 mēn,"Mūsdienīgs, ergonomisks dizains.",139.9,,,,,,,,,,,,,
131,Austiņas,Philips,T1WT/00,Balta,Jā,Iebūvēts,Jā,Bluetooth,10 mm,7 - 40000 Hz,5 mW,16 Ω,103 dB,Stereo,109 g,48 h,2 h,24 mēn,Ūdensizturība: IPX4,234.9,,,,,,,,,,,
132,Austiņas,JVC,HA-S24W,Ar galvas stīpu,Zila,Jā,Iebūvēts,Jā,Bluetooth,20 - 20000 Hz,32 Ω,Pasīva,17 h,3 h,24 mēn,Salokāma konstrukcija,27.0,,,,,,,,,,,,,,
133,Austiņas,Panasonic,RB-HF520BE-K,Ar galvas stīpu,Melna,Jā,Iebūvēts,Jā,Jā,40 mm,20 - 20000 Hz,Nē,205 g,50 h,3 h,24 mēn,45.79,,,,,,,,,,,,,,
134,Austiņas,Corsair,Virtuoso RGB,Ar galvas stīpu,Balta,Jā,100 - 10000 Hz,Noņemams,Jā,Jā,3.5 mm,1.5 m,50 mm,20 - 40000 Hz,32 Ω,109 dB,Pasīva,20 h,24 mēn,LED apgaismojums (iCUE),213.71,,,,,,,,,,
135,Austiņas,Philips,TAT2236,TAT2236WT/00,In-Ear,Balta,Jā,20 - 20000 Hz,Iebūvēts,Jā,Jā,12 mm,20 - 20000 Hz,5 mW,104 Ω,104 dB,"1.0 (Mono), 2.0 (Stereo)",476 g,Nē,18 h,2 h,"- USB kabelis: USB-C kabelis
- Austiņas: 3 izmēri
- Uzlādes korpuss",24 mēn,IPX4 sviedru un ūdensdrošas,27.0,,,,,,
136,1 gab.,–,1.0 gab.,1 gab.,–,"119,99 €",1 gab.,–,"119,99 €",Austiņas,JBL,Live Pro 2,In-Ear,Melna,Jā,Iebūvēts,Jā,Jā,Bluetooth,20 - 20000 Hz,9.6 g,40 h,4 h,24 mēn,119.99,,,,,,
137,Austiņas,JBL,Endurance RUN,In-Ear,Melna,Jā,Jā,Nē,3.5 mm,1.2 m,20 - 20000 Hz,Nē,24 mēn,"Iespējams nesāt gan kā ausī liekamas austiņas, gan kā aiz auss austiņas. Sviedru izturīga konstrukcija. Magnētiskas austiņas",23.0,,,,,,,,,,,,,,,,
138,Austiņas,Razer,Kraken BT Kitty,Ar galvas stīpu,Rozā,Jā,Iebūvēts,Bluetooth,20 - 20000 Hz,38 dB,Nē,24 mēn,Bērnu austiņas ar dizainu. Piemērots spēlēm. Dzidri un skaidri basi,94.0,,,,,,,,,,,,,,,,,
139,Austiņas,Audio Technica,ATH-SQ1TW,ATH-SQ1TWWH,Balta,Jā,100 - 10000 Hz,Iebūvēts,Jā,Bluetooth,58 mm,20 - 20000 Hz,16 Ω,100 dB,44.6 g,19.5 h,3.5 h,"USB-A/USB-C uzlādes kabelis, austiņu uzgaļi (XS, S, M, L)",24 mēn,82.36,,,,,,,,,,,
140,Austiņas,Steelseries,Arctis 7P+,Ar galvas stīpu,Balta,Jā,100 - 6500 Hz,Izvelkams,Jā,40 mm,20 - 20000 Hz,98 dB,Nē,30 h,"Arctis 7P+ austiņas, USB-C bezvadu raidītājs, mobilais audio kabelis, uzlādes kabelis, USB-C uz USB-A adapteris",24 mēn,"Mūsdienīgs, ergonomisks dizains",164.87,,,,,,,,,,,,,
141,Austiņas,JBL,Tune 215BT,Melna,Jā,Jā,Jā,Bluetooth,20 - 20000 Hz,20 Ω,118 dB,24 mēn,29.0,,,,,,,,,,,,,,,,,,
142,Austiņas,Sony,WF-C500,WF-C500/B,Melna,Jā,Iebūvēts,Nē,Jā,Bluetooth,20 - 20000 Hz,46 g,9 h,24 mēn,69.99,,,,,,,,,,,,,,,,
143,Austiņas,Apple,AirPods,(3rd generation) with Lightning Charging Case,In-Ear,Balta,Jā,Iebūvēts,Nē,Jā,Bluetooth,20 - 20000 Hz,Nē,Nē,6 h,"Airpods, Lightning lādīte, Lightning uz USB-C kabelis, dokumentācija",24 mēn,195.0,,,,,,,,,,,,,
144,Austiņas,Yealink,BH72 Lite Microsoft Teams,Pelēka,Jā,100 - 8000 Hz,Izvelkams,Nē,Jā,Bluetooth,1 m,35 mm,20 - 20000 Hz,117 dB,187 g,Nē,40 h,24 mēn,122.0,,,,,,,,,,,,
145,Austiņas,Plantronics,Savi W8220/A,Ar galvas stīpu,Melna,Jā,Jā,Jā,100 - 6800 Hz,32 Ω,118 dB,Aktīva,160 g,13 h,3 h,24 mēn,Baterijas darbības ilgums stand by režīmā 50 h.,339.54,,,,,,,,,,,,,
146,Austiņas,Jabra,75 UC Stereo,Ar galvas stīpu,Melna,Jā,Jā,Jā,20 - 20000 Hz,Aktīva,15 h,2.5 h,24 mēn,Iespēja pieslēgt 2 Bluetooth ierīces vienlaicīgi. Uzlādes stacija.,328.29,,,,,,,,,,,,,,,,
147,Austiņas,Realme,Buds T100,Balta,Bluetooth versija,5.3,Jā,Iebūvēts,Nē,Jā,Bluetooth,10 mm,Nē,6 h,2 h,Vienību skaits iepakojumā,1,24 mēn,32.0,,,,,,,,,,,,
148,Austiņas,Jabra,Engage 55 UC,Melna,Jā,Izvelkams,Nē,Jā,Bluetooth,20 - 20000 Hz,13 h,24 mēn,307.9,,,,,,,,,,,,,,,,,,
149,Austiņas,Razer,BlackShark V2 X,On-Ear,Rozā,Jā,100 - 10000 Hz,Izvelkams,Jā,Nē,3.5 mm,1.3 m,50 mm,12 - 28000 Hz,32 Ω,100 dB,240 g,Nē,24 mēn,79.0,,,,,,,,,,,
150,1 gab.,–,1.0 gab.,1 gab.,–,"33,00 €",1 gab.,–,"33,00 €",Austiņas,JBL,WAVE 100 TWS,In-Ear,Melna,Jā,Jā,Bluetooth,8 mm,20 - 20000 Hz,Nē,46.3 g,5 h,2 h,24 mēn,33.0,,,,,,
151,Austiņas,Philips,TAT3217,TAT3217,Balta,Jā,Iebūvēts,Nē,Jā,Bluetooth,10 mm,20 - 20000 Hz,16 Ω,101.5 dB,2.0 (Stereo),51 g,Nē,6 h,2 h,24 mēn,52.79,,,,,,,,,,
152,Austiņas,Sony,MDR-ZX310AP,Ar galvas stīpu,Melna,Jā,Nē,Nē,3.5 mm,1.2 m,30 mm,10 - 24000 Hz,24 Ω,98 dB,Nē,24 mēn,Mīksti ausu spilventiņi. Regulējama galvas stīpa. Lieli 30 mm skaļruņi. Saliekama konstrukcija.,22.0,,,,,,,,,,,,,
153,Austiņas,Jabra,Elite,2,In-Ear,Tumši zila,Jā,100 - 8000 Hz,Iebūvēts,Jā,Bluetooth,6 mm,20 - 20000 Hz,118 dB,31 g,Nē,7 h,3 h,24 mēn,54.0,,,,,,,,,,,
154,Austiņas,Sennheiser,CX200TW1,Balta,Jā,100 - 10000 Hz,Jā,Bluetooth,7 mm,5 - 21000 Hz,Pasīva,37 g,27 h,1.5 h,24 mēn,83.0,,,,,,,,,,,,,,,
155,Austiņas,Sony,MDR-E9LP,Standarta bez stīpas,Balta,Nē,Nē,Nē,3.5 mm,1.2 m,13.5 mm,18 - 22000 Hz,100 mW,16 Ω,104 dB,Nē,5 g,24 mēn,2 maināmas austiņu uzmavas,5.99,,,,,,,,,,,
156,Austiņas,EPOS,GSP,602,Ar galvas stīpu,Melna,Jā,10 - 18.000 Hz,Nē,3.5 mm,2.5 m,10 - 30.000 Hz,28 Ω,112 dB,Nē,"Austiņas, GSA 505 PC kabelis, GSA 506 konsoles kabelis",24 mēn,"Saderība: PC, Mac OSX, PS4, Xbox One, Switch un konsoles ar 3,5 mm ligzdas ieeju",93.9,,,,,,,,,,,,
157,Austiņas,AOC,GH401,Ar galvas stīpu,Melna,Jā,100 - 10000 Hz,Iebūvēts,Jā,3.5 mm,1.2 m,20 - 20000 Hz,50 mW,32 Ω,100 dB,350 g,Nē,17 h,24 mēn,111.49,,,,,,,,,,,
158,Austiņas,Genesis,Neon,600 RGB,Ar galvas stīpu,Balta,Jā,100 - 20000 Hz,Jā,Nē,2 x 3.5 mm mini jack,2.3 m,50 mm,20 - 20000 Hz,32 Ω,108 dB,2.0 (Stereo),365 g,Jā,24 mēn,32.39,,,,,,,,,,
159,Austiņas,Jabra,Evolve2 65 Link380c MS Stereo,Ar galvas stīpu,Melna,Jā,Jā,USB-C,20 - 20000 Hz,Pasīva,245.0,,,,,,,,,,,,,,,,,,,,
160,Austiņas,Sony,WH-1000XM5,WH-1000XM5,Ar galvas stīpu,Sudraba,Nē,Iebūvēts,Jā,Bluetooth,30 mm,20 - 20000 Hz,48 Ω,102 dB,2.0 (Stereo),Aktīva,250 g,Nē,32 h,3.5 h,24 mēn,Elegants dizains,349.99,,,,,,,,
161,Austiņas,Jabra,VXi Blueparrott B250-XT,Ar galvas stīpu,Melna,Jā,Jā,Jā,130 - 3000 Hz,34 Ω,123 dB,Pasīva,24 mēn,VXi’s Xtreme Noise Suppression™ tehnoloģija,124.0,,,,,,,,,,,,,,,,
162,Austiņas,JBL,Tune 130NC TWS,Tune 130NC TWS,In-Ear,Melna,Jā,Jā,Bluetooth,10 mm,20 - 20000 Hz,Aktīva,10 h,2 h,24 mēn,69.0,,,,,,,,,,,,,,,
163,Austiņas,White Shark,Panther,GH-1641,Ar galvas stīpu,Melna,Jā,Jā,Nē,3.5 mm,2.2 m,20 - 20000 Hz,32 Ω,105 dB,Pasīva,24 mēn,"Materiāls: plastmasa, mākslīgā āda",14.0,,,,,,,,,,,,,
164,1 gab.,–,1.0 gab.,1 gab.,–,"32,39 €",1 gab.,–,"32,39 €",Austiņas,Kingston,HyperX Cloud Stinger Core PS4,Ar galvas stīpu,Melna,Jā,50 - 18000 Hz,3.5 mm,1.3 m,40 mm,20 - 20000 Hz,16 Ω,99 dB,Nē,215 g,24 mēn,"Piemērots PS4, Xbox One un Nintendo Switch. Ērts dizains.",32.39,,,,
165,Austiņas,Asus,ROG Theta 7.1,Ar galvas stīpu,Melna,Jā,Noņemams,USB,1.2 m,20 - 40000 Hz,32 Ω,40 dB,Pasīva,Saderīgas ar: PC. MAC. Mobile. PlayStation® 4. Nintendo Switch,295.51,,,,,,,,,,,,,,,,
166,Austiņas,Soundcore,Soundcore,Liberty 4,Balta,Bluetooth versija,5.3,Jā,Iebūvēts,Jā,Bluetooth,20 - 20000 Hz,Aktīva,7 h,24 mēn,174.9,,,,,,,,,,,,,,,
167,1 gab.,–,1.0 gab.,1 gab.,–,"36,00 €",1 gab.,–,"36,00 €",Austiņas,JBL,Tune 510BT,Ar galvas stīpu,Rozā,Jā,Iebūvēts,Jā,Jā,USB-C,32 mm,20 Hz,95 dB,Nē,160 g,40 h,2 h,Uzlādes kabelis,24 mēn,36.0,,
168,Austiņas,Steelseries,Arctis Nova,7X,Ar galvas stīpu,Melna,Jā,100 - 6500 Hz,Jā,Jā,Bluetooth,40 mm,20 - 22000 Hz,36 Ω,93 dB,Aktīva,38 h,0.25 h,"Arctis Nova 7X bezvadu austiņas; Kompakts USB-C bezvadu sargspraudnis; USB-C uz USB-A dongle pagarinātāja kabelis (1,5 m); USB-C uz USB-A kabelis (1,5 m); 3,5 mm līdz 3,5 mm audio kabelis - 5 polu līdz 4 polu (1,2 m); 2x noņemamas magnētiskās ausu plāksnes",24 mēn,162.45,,,,,,,,,,
169,Austiņas,Logitech,G432,Ar galvas stīpu,Melna,Jā,Jā,Nē,3.5 mm,2 m,50 mm,20 - 20000 Hz,39 Ω,107 dB,"7.1, Surround Sound",Nē,24 mēn,DTS Headphone X 2.0. Ērti ausu spilventiņi,69.68,,,,,,,,,,,,
170,Austiņas,Apple,AirPods Max,Ar galvas stīpu,Rozā,Jā,Iebūvēts,Jā,Jā,Bluetooth,20 - 20000 Hz,Aktīva,20 h,24 mēn,641.03,,,,,,,,,,,,,,,,
171,Austiņas,Sony,MDR-E9LP,Standarta bez stīpas,Balta,Nē,Nē,Nē,3.5 mm,1.2 m,13.5 mm,18 - 22000 Hz,100 mW,16 Ω,104 dB,Nē,5 g,24 mēn,2 maināmas austiņu uzmavas,7.99,,,,,,,,,,,
172,Austiņas,Monster,Persona,Balta,Jā,Iebūvēts,Jā,Bluetooth,40 mm,20 - 20000 Hz,32 Ω,Nē,24 mēn,199.0,,,,,,,,,,,,,,,,,
173,Austiņas,Edifier,G4 TE,Ar galvas stīpu,Melna,Jā,Izvelkams,Jā,Nē,3.5 mm,2.5 m,50 mm,20 - 20000 Hz,32 Ω,99 dB,Aktīva,79 g,Jā,"Austiņas, iepakojums, lietošanas instrukcija, USB vads, maināms mikrafona uzgalis.",24 mēn,"Daudzplatformas saderīgas ar datoru, PS4, Mac, klēpjdatoru, planšetdatoru ar USB savienojumu, nav paredzēts XBOX.",48.31,,,,,,,,,
174,Austiņas,Shure,SE846 PRO,In-Ear,Nē,Nē,Nē,3.5 mm,1.62 m,4 mm,15 - 20000 Hz,9 Ω,114 dB,Jā,"2 x caurspīdīgi kabeļi (116/162 cm), Shure fit komplekts ar dažādiem adapteriem, kā arī ūdensnecaurlaidīgs un triecienizturīgs transportēšanas futrālis.",24 mēn,"Augstas izšķirtspējas 3 virzienu austiņas ar 4 ""drivers"" (2x zemas frekvences, 1x vidējas, 1 x augstas)",853.0,,,,,,,,,,,,,
175,Austiņas,JBL,Everest 110GA,In-Ear,Sudraba,Jā,Iebūvēts,Jā,Jā,5.8 mm,10 - 22000 Hz,32 Ω,96 dB,Pasīva,15.3 g,8 h,2 h,24 mēn,25.2,,,,,,,,,,,,
176,Austiņas,Razer,Kraken Kitty,Ar galvas stīpu,Melna,Jā,100 - 10000 Hz,Jā,Nē,USB,1.3 m,50 mm,20 - 20000 Hz,32 Ω,109 dB,Pasīva,408 g,24 mēn,THX Spatial Audio. LED apgaismojums,169.99,,,,,,,,,,,
177,Austiņas,JBL,JR310,Ar galvas stīpu,Zila,Jā,Iebūvēts,3.5 mm,1 m,20 - 20000 Hz,32 Ω,80 dB,Pasīva,105 g,24 mēn,19.0,,,,,,,,,,,,,,,
178,Austiņas,HP,HP STEREO USB G2 (428H5AA),Ar galvas stīpu,Melna,Jā,USB,20 - 20000 Hz,24 mēn,40.94,,,,,,,,,,,,,,,,,,,,,
179,Austiņas,Jabra,Evolve2 65,Melna,Bluetooth versija,5.0,Jā,100 - 8000 Hz,Izvelkams,Jā,Bluetooth,40 mm,20 - 20000 Hz,117 dB,1.0 (Mono),99 g,Nē,37 h,1.5 h,Vienību skaits iepakojumā,1,24 mēn,234.9,,,,,,,,
180,Austiņas,Huawei,FreeBuds Pro 2,Sudraba,Jā,Iebūvēts,Jā,Jā,14 - 40000 Hz,Aktīva,52 g,Nē,6.5 h,1 h,24 mēn,149.0,,,,,,,,,,,,,,,
181,Austiņas,Poly,Voyager 6200,Melna,Jā,Jā,Jā,20 - 20000 Hz,Aktīva,56 g,24 mēn,257.0,,,,,,,,,,,,,,,,,,,
182,Austiņas,Oneplus,Z2,In-Ear,Balta,Jā,Iebūvēts,Jā,Jā,Bluetooth,11 mm,20 - 20000 Hz,98 dB,Dolby Atmos,Aktīva,51.2 g,Nē,38 h,24 mēn,81.9,,,,,,,,,,,
183,Austiņas,Genesis,Selen 400,Ar galvas stīpu,Melna,Jā,Jā,Jā,3.5 mm,20 - 20000 Hz,32 Ω,108 dB,Pasīva,15 h,24 mēn,55.0,,,,,,,,,,,,,,,
184,Austiņas,Sony,MDR-EX15AP,MDREX15APB.CE7,In-Ear,Melna,Jā,Nē,Nē,3.5 mm,1.2 m,9 mm,8 - 22000 Hz,100 mW,16 Ω,100 dB,Nē,18 g,24 mēn,Pielāgojama kontrole ar Sony’s Smart Key app priekš Android. 3 maināmas austiņu uzmavas.,9.99,,,,,,,,,,
185,Austiņas,Bose,Frames Soprano,Melna,Jā,Iebūvēts,Jā,Jā,Bluetooth,Nē,5.5 h,1 h,24 mēn,254.0,,,,,,,,,,,,,,,,,
186,Austiņas,Genesis,Argon 200,Ar galvas stīpu,Melna,Jā,100 - 10000 Hz,Jā,Nē,2 x 3.5 mm,2.2 m,50 mm,20 - 20000 Hz,96 dB,Pasīva,240 g,24 mēn,Ērts dizains,14.99,,,,,,,,,,,,
187,Austiņas,Sudio,A2,A2,Melna,Jā,Iebūvēts,Jā,Bluetooth,10 mm,32 Ω,99 dB,Aktīva,53 g,Nē,9 h,2 h,24 mēn,35.0,,,,,,,,,,,,
188,Austiņas,Sony,WH-1000XM5,WH-1000XM5,Ar galvas stīpu,Melna,Nē,Iebūvēts,Jā,Bluetooth,30 mm,20 - 20000 Hz,48 Ω,102 dB,2.0 (Stereo),Aktīva,250 g,Nē,32 h,3.5 h,24 mēn,Elegants dizains,379.99,,,,,,,,
189,Austiņas,JBL,Tune 130NC TWS,Tune 130NC TWS,In-Ear,Balta,Jā,Jā,Bluetooth,10 mm,20 - 20000 Hz,Aktīva,10 h,2 h,24 mēn,69.99,,,,,,,,,,,,,,,
190,1 gab.,–,1.0 gab.,1 gab.,–,"50,00 €",1 gab.,–,"50,00 €",Austiņas,Trust,GXT 414 Zamak Premium,Ar galvas stīpu,Melna,Jā,100 - 10000 Hz,Noņemams,Jā,Nē,3.5 mm,1 m,53 mm,20 - 20000 Hz,64 Ω,110 dB,Nē,273 g,24 mēn,Ērti ausu spilventiņi. Izturīga konstrukcija,50.0,
191,Austiņas,Razer,Kraken V3 Pro,RZ04-03460100-R3M1,Ar galvas stīpu,Melna,Jā,100 - 100000 Hz,Jā,Nē,3.5 mm,1.3 m,50 mm,20 - 20000 Hz,32 Ω,Pasīva,372 g,Jā,24 mēn,209.99,,,,,,,,,,,
192,Austiņas,Google,Pixel Buds A-Series,Buds A-Series,Pelēka,Jā,Iebūvēts,Jā,Bluetooth,12 mm,2.0 (Stereo),Aktīva,42.8 g,Nē,5 h,"Austiņas (S, M, L), ātrā lietošanas pamācība, uzlādes futrālis, USB-A–USB-C kabelis",24 mēn,"Pilnai funkcionalitātei ir savietojams ar visām ierīcēm ar Bluetooth 4.0, un ir nepieciešams pārī savienots viedtālrunis ar operētājsistēmu Android 6.0 vai jaunāku versiju, kā arī integrēts Google palīgs un interneta savienojums.",117.9,,,,,,,,,,,,
193,Austiņas,Blow,B-15,In-Ear,Balta,Jā,Nē,Nē,3.5 mm,1.2 m,20 - 20000 Hz,32 Ω,122 dB,Pasīva,24 mēn,Moderns dizains,4.99,,,,,,,,,,,,,,
194,Austiņas,Yealink,WH66 Mono Microsoft Teams,Melna,Jā,Izvelkams,Jā,Bluetooth,1 m,1.0 (Mono),Nē,13 h,2.5 h,24 mēn,254.9,,,,,,,,,,,,,,,,
195,Austiņas,Logilink,Stereo,HS0033,Ar galvas stīpu,Melna,Jā,70 - 10000 Hz,Iebūvēts,Jā,Nē,USB,2.2 m,20 - 20000 Hz,32 Ω,106 dB,Stereo,Aktīva,365 g,Nē,24 mēn,Regulējama galvas stīpa.,26.39,,,,,,,,
196,Austiņas,AceFast,T7,Sudraba,Jā,Iebūvēts,Jā,Bluetooth,20 - 20000 Hz,72 g,Nē,24 h,2 h,24 mēn,73.0,,,,,,,,,,,,,,,,
197,Austiņas,Yealink,BH72 UC,Melna,Jā,100 - 8000 Hz,Izvelkams,Jā,Bluetooth,20 - 20000 Hz,117 dB,189 g,40 h,2 h,24 mēn,211.9,,,,,,,,,,,,,,,
198,Austiņas,Jabra,Evolve2 65 Link380c MS,Ar galvas stīpu,Melna,Jā,Jā,Pasīva,"Ērts dizains. Balss Kontrole. ""Netraucēt"" indikators. PeakStop tehnoloģija",191.9,,,,,,,,,,,,,,,,,,,,,
199,Austiņas,Steelseries,Arctis Nova,Pro X,Ar galvas stīpu,Melna,Jā,100 - 10000 Hz,Iebūvēts,Nē,Nē,3.5 mm,1.5 m,40 mm,10 - 40000 Hz,38 Ω,93 dB,2.0 (Stereo),Nē,"Austiņas, mikrofons, vads",24 mēn,229.99,,,,,,,,,
200,Austiņas,Sony,WH-1000XM4,WH-1000XM4,Ar galvas stīpu,Sudraba,Jā,Iebūvēts,1.2 m,20 - 20000 Hz,Aktīva,24 mēn,316.94,,,,,,,,,,,,,,,,,,
201,1 gab.,–,1.0 gab.,1 gab.,–,"69,00 €",1 gab.,–,"69,00 €",Austiņas,Xiaomi,True Wireless 2 Pro,Melna,Jā,Iebūvēts,Nē,Jā,Bluetooth,1 m,20 - 20000 Hz,32 Ω,2.0 (Stereo),Aktīva,62 g,Nē,6 h,1 h,24 mēn,69.0,,
202,Austiņas,Sharkoon,Skiller SGH3,Ar galvas stīpu,Melna,Jā,Jā,3.5 mm,2.6 m,20 - 20000 Hz,32 Ω,100 dB,Nē,24 mēn,Ērti ausu spilventiņi,41.4,,,,,,,,,,,,,,,
203,Austiņas,Razer,Barracuda,Quartz,Rozā,Jā,Iebūvēts,Nē,Jā,Bluetooth,50 mm,20 - 20000 Hz,32 Ω,96 dB,Nē,40 h,24 mēn,153.9,,,,,,,,,,,,,
204,Austiņas,Samsung,Galaxy Buds Live,Galaxy Buds Live,In-Ear,Melna,Jā,Iebūvēts,Jā,Bluetooth,12 mm,20 - 20000 Hz,Aktīva,6 h,24 mēn,98.18,,,,,,,,,,,,,,,
205,Austiņas,Jabra,Evolve2 65 Link380a MS Stereo,Ar galvas stīpu,Melna,Jā,Jā,USB,20 - 20000 Hz,Pasīva,182.15,,,,,,,,,,,,,,,,,,,,
206,Austiņas,Beyerdynamic,DT 250,Ar galvas stīpu,Melna,Nē,Jā,Nē,3.5 mm,10 - 30000 Hz,100 dB,Pasīva,24 mēn,Maināmi austiņu spilventiņi,216.9,,,,,,,,,,,,,,,,
207,Austiņas,Beyerdynamic,DT 770 PRO,Ar galvas stīpu,Melna,Jā,Jā,Nē,3.5 mm,20 - 20000 Hz,80 Ω,96 dB,Pasīva,270 g,24 mēn,Ērti ausu spilventiņi,164.0,,,,,,,,,,,,,,
208,Austiņas,Steelseries,Arctis Pro,Ar galvas stīpu,Melna,Jā,Izvelkams,Jā,Nē,3.5 mm,10 - 40000 Hz,32 Ω,102 dB,Nē,24 mēn,Izcila skaņas kvalitāte. Neticami skaidra un kvalitatīva mikrofona skaņa. LED apgaismojums. Ekvalaizers,172.15,,,,,,,,,,,,,,
209,Austiņas,Panasonic,RP-HT161E-K,Ar galvas stīpu,Melna,Nē,Nē,3.5 mm,2 m,30 mm,10 - 27000 Hz,1000 mW,24 Ω,98 dB,Nē,130 g,24 mēn,12.93,,,,,,,,,,,,,
210,Austiņas,Sony,-,WF-C700N,Melna,Bluetooth versija,5.2,Nē,Jā,Bluetooth,5 mm,20 - 20000 Hz,40.2 g,10 h,1.5 h,24 mēn,99.99,,,,,,,,,,,,,,
211,Austiņas,Audio Technica,ATH-M50XDS,On-Ear,Zila,Nē,3.5 mm,45 mm,15 - 28000 Hz,99 dB,2.0 (Stereo),24 mēn,199.63,,,,,,,,,,,,,,,,,,
212,Austiņas,Jabra,Elite 4 Active,Tumši zila,Jā,Jā,Jā,Bluetooth,20 - 20000 Hz,Aktīva,28 h,3.5 h,24 mēn,119.0,,,,,,,,,,,,,,,,,
213,Austiņas,Steelseries,Arctis 9,Ar galvas stīpu,Melna,Jā,100 - 10000 Hz,2200 Ω,38 dB,Aktīva,24 mēn,"Discord sertificēts ClearCast trokšņu slāpēšanas mikrofons skaidrai, dabiski skanošai balss komunikācijai visās platformās. Windows Sonic surround ir saderīgs ar datoru, Xbox Series X | S un Xbox One",246.9,,,,,,,,,,,,,,,,,,
214,Austiņas,Beyerdynamic,DT 990 Pro Studio,Ar galvas stīpu,Melna,Nē,Jā,Nē,3.5 mm,3 m,5 - 35000 Hz,250 Ω,96 dB,Nē,250 g,24 mēn,Izturīga konstrukcija. Izcila skaņas kvalitāte,168.0,,,,,,,,,,,,,
215,Austiņas,Plantronics,Blackwire 5210 Mono,Ar galvas stīpu,Melna,Jā,3.5 mm,20 - 20000 Hz,32 Ω,Pasīva,24 mēn,122.0,,,,,,,,,,,,,,,,,,,
216,Austiņas,Yealink,BH72 UC with Charging Stand,Pelēka,Jā,Izvelkams,Jā,Bluetooth,35 mm,20 - 20000 Hz,117 dB,189 g,Nē,24 mēn,176.9,,,,,,,,,,,,,,,,
217,Austiņas,Sennheiser,HD 400S,Ar galvas stīpu,Melna,Jā,Nē,3.5 mm,1.4 m,18 - 20000 Hz,18 Ω,120 dB,24 mēn,88.0,,,,,,,,,,,,,,,,,
218,Austiņas,Yealink,BH72 Microsoft Teams with Charging Stand,Ar galvas stīpu,Melna,Jā,100 - 8000 Hz,Izvelkams,Jā,Bluetooth,35 mm,20 - 20000 Hz,50 mW,117 dB,40 h,1.5 h,24 mēn,Darbības rādiuss: 30 m.,176.9,,,,,,,,,,,,
219,Austiņas,JBL,Live Pro 2,In-Ear,Zila,Jā,Iebūvēts,Jā,Jā,Bluetooth,20 - 20000 Hz,9.6 g,40 h,4 h,24 mēn,119.0,,,,,,,,,,,,,,,
220,Austiņas,Corsair,HS35,Ar galvas stīpu,Melna,Jā,Noņemams,Jā,Nē,3.5 mm,1.1 m,20 - 20000 Hz,32 Ω,113 dB,Stereo,Pasīva,24 mēn,Ērti ausu spilventiņi. Augstas kvalitātes skaņa,55.0,,,,,,,,,,,,
221,Austiņas,Motorola,Escape 220 BT,Melna,Jā,Iebūvēts,Jā,Jā,Bluetooth,40 mm,2.0 (Stereo),Pasīva,Nē,23 h,24 mēn,27.49,,,,,,,,,,,,,,,
222,Austiņas,Corsair,HS80 RGB,HS80,Ar galvas stīpu,Balta,Jā,100 - 10000 Hz,Nē,Nē,USB,1.8 m,50 mm,20 - 40000 Hz,32 Ω,116 dB,Dolby Audio,Pasīva,371 g,Jā,"Austiņas ar mikrofonu, vads",24 mēn,Ergonomisks dizains,139.75,,,,,,,
223,Austiņas,4Gamers,4G-4887BLK,Ar galvas stīpu,Melna,Jā,Jā,Nē,3.5 mm,1.2 m,10 - 10000 Hz,16 Ω,117 dB,24 mēn,22.5,,,,,,,,,,,,,,,,
224,Austiņas,Poly,Voyager Focus 2,Ar galvas stīpu,Melna,Jā,Izvelkams,Jā,Bluetooth,20 - 20000 Hz,102 dB,175 g,Nē,16 h,2 h,24 mēn,179.0,,,,,,,,,,,,,,
225,Austiņas,Plantronics,Voyager 6200,Melna,Jā,Iebūvēts,Jā,Bluetooth,20 - 20000 Hz,85 dB,2.0 (Stereo),56 g,Nē,16 h,1.5 h,24 mēn,276.9,,,,,,,,,,,,,,
226,Austiņas,Sony,WH-1000XM5,WH-1000XM5,Ar galvas stīpu,Zila,Nē,Iebūvēts,Jā,Bluetooth,30 mm,20 - 20000 Hz,48 Ω,102 dB,2.0 (Stereo),Aktīva,250 g,Nē,32 h,3.5 h,24 mēn,Elegants dizains,429.0,,,,,,,,
227,Austiņas,JBL,Tune Flex,Balta,Jā,Iebūvēts,Jā,Jā,Bluetooth,12 mm,20 - 20000 Hz,32 Ω,110 dB,Aktīva,9.6 g,32 h,2 h,24 mēn,88.14,,,,,,,,,,,,
228,Austiņas,Razer,BlackShark V2 X,Ar galvas stīpu,Melna,Jā,100 - 10000 Hz,Izvelkams,Jā,Nē,3.5 mm,1.3 m,50 mm,12 - 28000 Hz,32 Ω,100 dB,Pasīva,240 g,Nē,24 mēn,Razer™ TriForce skaļruņi. Razer™ HyperClear mikrofons. Izcila skaņas kvalitāte. Ērti ausu spilventiņi,69.0,,,,,,,,,
229,Austiņas,Plantronics,Savi,8245 Office Convertible,Aiz auss,Melna,Jā,Ar klipsi,Nē,Jā,Bluetooth,180 m,1.0 (Mono),24 mēn,349.0,,,,,,,,,,,,,,,,
230,Austiņas,Sony,MDR-ZX110,Ar galvas stīpu,Balta,Nē,Jā,Nē,3.5 mm,1.2 m,30 mm,12 - 22000 Hz,1000 mW,24 Ω,98 dB,Nē,120 g,24 mēn,Viegli salokāmas,14.0,,,,,,,,,,,
231,Austiņas,Microsoft,Xbox Wireless Headset,Īpaši datorspēlēm,Melna,Jā,Jā,50 mm,20 - 20000 Hz,32 Ω,Pasīva,312 g,Nē,15 h,24 mēn,119.67,,,,,,,,,,,,,,,
232,Austiņas,Sudio,A2,A2,Pelēka,Jā,Iebūvēts,Jā,Bluetooth,10 mm,32 Ω,99 dB,Aktīva,53 g,Nē,9 h,2 h,24 mēn,68.0,,,,,,,,,,,,
233,Austiņas,HyperX,Cloud Flight,Ar galvas stīpu,Melna,Jā,100 - 7000 Hz,Izvelkams,Jā,2 x 3.5 mm,1.3 m,20 - 20000 Hz,32 Ω,106 dB,2.0 (Stereo),315 g,30 h,24 mēn,96.35,,,,,,,,,,,,
234,Austiņas,EPOS,GSP 601,Ar galvas stīpu,Balta,Jā,10 - 18000 Hz,Izvelkams,Nē,3.5 mm,2.5 m,10 - 30000 Hz,28 Ω,112 dB,Nē,990 g,Nē,24 mēn,Produkta izmēri: 80 x 190 x 165 mm,94.9,,,,,,,,,,,
235,Austiņas,Blow,BTE100,Melna,Jā,Iebūvēts,Nē,Jā,Bluetooth,10 mm,20 - 20000 Hz,16 Ω,80 dB,Nē,3 h,2 h,24 mēn,13.0,,,,,,,,,,,,,
236,Austiņas,Huawei,FreeBuds SE,FreeBuds SE,Zila,Jā,Iebūvēts,Nē,Jā,Bluetooth,10 mm,20 - 20000 Hz,Stereo,Aktīva,5.1 g,Nē,6 h,1.5 h,"Austiņas, uzlādes maciņš, ausu uzgaļi — 3 pāri (pieejami lieli, vidēji un mazi. Vidējie izmēri ir iepriekš uzstādīti uz austiņām.), ātrās lietošanas pamācība, drošības informācija, USB-C kabelis.",24 mēn,Elegants dizains,37.0,,,,,,,,,
237,Austiņas,JBL,Reflect Aero,Aero,In-Ear,Balta,Jā,Iebūvēts,Jā,Jā,Bluetooth,6.8 mm,20 - 20000 Hz,94 dB,Aktīva,13 g,8 h,2 h,JBL Reflect Aero; Ausu aizbāžņi 3 izmēros; POWERFINS austiņas 3 izmēros; USB-C uzlādes kabelis; Lādētājs,24 mēn,105.0,,,,,,,,,,
238,Austiņas,Soundcore,Liberty Pro 3,Liberty Pro 3,In-Ear,Melna,Jā,Iebūvēts,Jā,Jā,USB Type C,Stereo,Nē,Nē,8 h,24 mēn,160.9,,,,,,,,,,,,,,
239,Austiņas,JBL,Live 460NC,Live 460NC,Ar galvas stīpu,Zila,Jā,Jā,Bluetooth,40 mm,20 - 20000 Hz,Aktīva,40 h,2 h,24 mēn,99.99,,,,,,,,,,,,,,,
240,Austiņas,Logitech,H15,Ar galvas stīpu,Melna,Jā,Nē,3.5 mm,1.8 m,20 mm,20 - 20000 Hz,100 mW,22 Ω,122 dB,Nē,80 g,24 mēn,Regulējama galvas stīpa. Regulējams mikrofons.,20.0,,,,,,,,,,,,
241,Austiņas,Genesis,Radon 300,Ar galvas stīpu,Melna,Jā,100 - 10000 Hz,Jā,Nē,3.5 mm,2 m,40 mm,20 - 20000 Hz,32 Ω,115 dB,"2.0 (Stereo), 7.1",Pasīva,334 g,24 mēn,25.0,,,,,,,,,,,
242,Austiņas,JBL,-,Endurance Run 2,In-Ear,Balta,Jā,Jā,Nē,3.5 mm,8.2 mm,20 - 20000 Hz,Nē,"1 x Endurance Run 2 ar vadu, 3 x ausu uzgaļu izmēri, 1 x pastiprinātājs, 1 x garantija/brīdinājums, 1 x drošības lapa / ātrās lietošanas pamācība",24 mēn,23.0,,,,,,,,,,,,,,,
243,Austiņas,Corsair,HS55 Surround,HS55,Ar galvas stīpu,Melna,Jā,1000 - 10000 Hz,Noņemams,Jā,Nē,3.5 mm,1.8 m,50 mm,20 - 20000 Hz,32 Ω,111 dB,"Dolby Audio, Stereo",284 g,Nē,24 mēn,Microphone Impedance: 2.2k Ω,68.57,,,,,,,,
244,Austiņas,Jabra,Evolve 65 Duo MS,Ar galvas stīpu,Melna,Jā,Jā,20 - 2000 Hz,Pasīva,24 mēn,Rādiuss: 30 m. Optimizētas priekš Microsoft Skype.,177.4,,,,,,,,,,,,,,,,,,,
245,Austiņas,JBL,Tune Flex,Zila,Jā,Iebūvēts,Jā,Jā,Bluetooth,12 mm,20 - 20000 Hz,32 Ω,110 dB,Aktīva,9.6 g,32 h,2 h,24 mēn,76.13,,,,,,,,,,,,
246,Austiņas,Dell,AW720H,545-BBFD,On-Ear,Melna,Jā,Izvelkams,Jā,3.5 mm,20 - 40000 Hz,32 Ω,105 dB,Aktīva,348 g,24 mēn,170.36,,,,,,,,,,,,,,
247,Austiņas,Beats,Studio3 Wireless,Ar galvas stīpu,Pelēka,Jā,Nē,Jā,3.5 mm,35 mm,20 - 20000 Hz,35 Ω,110 dB,Stereo,Aktīva,Skaļruņu skaits,2,260.8 g,Lithium,22 h,Vienību skaits iepakojumā,1,24 mēn,Pure Adaptive Noise Cancelling (ANC) tehnoloģija. Apple W1 čips,308.0,,,,,,
248,Austiņas,Poly,Voyager 4310 UC,On-Ear,Melna,Jā,Jā,Jā,70 mm,20 - 20000 Hz,Nē,Skaļruņu skaits,1,121 g,Nē,Vienību skaits iepakojumā,1,24 mēn,160.9,,,,,,,,,,,,
249,Austiņas,Poly,Savi,8220 UC Microsoft,Melna,Jā,100 - 6800 Hz,Izvelkams,Jā,Bluetooth,20 - 20000 Hz,32 Ω,112 dB,Aktīva,160 g,Nē,13 h,3 h,24 mēn,273.9,,,,,,,,,,,
250,Austiņas,Logitech,G FITS,Balta,Jā,100 - 8000 Hz,Iebūvēts,Nē,Jā,Bluetooth,10 mm,20 - 20000 Hz,16 Ω,104 dB,52 g,Nē,7 h,24 mēn,241.9,,,,,,,,,,,,
251,Austiņas,EPOS,Adapt 160T,Ar galvas stīpu,Melna,Jā,100 - 8000 Hz,Izvelkams,Nē,USB Type C,1.78 m,20 - 20000 Hz,115 dB,Nē,24 mēn,127.0,,,,,,,,,,,,,,,
252,Austiņas,Redragon,Zeus,Zeus H510-1,Ar galvas stīpu,Melna,Jā,100 - 10000 Hz,Noņemams,Jā,Nē,3.5 mm,53 mm,20 - 20000 Hz,30 mW,64 Ω,110 dB,7.1,Pasīva,703 g,Nē,"Austiņas ar mikrofonu, vads, adapteris, insturkcija",24 mēn,44.89,,,,,,,
253,Austiņas,Samsung,Galaxy Buds2 Pro,SM-R510NLVAEUE,In-Ear,Balta,Jā,Iebūvēts,Nē,Jā,Bluetooth,20 - 20000 Hz,2.0 (Stereo),Aktīva,10 h,24 mēn,178.0,,,,,,,,,,,,,,
254,1 gab.,–,1.0 gab.,1 gab.,–,"99,74 €",1 gab.,–,"99,74 €",Austiņas,Logitech,Pro X,Ar galvas stīpu,Melna,Jā,Noņemams,Jā,Nē,2 x 3.5 mm,2 m,50 mm,20 - 20000 Hz,35 Ω,91 dB,Nē,24 mēn,DTS HEADPHONE:X 2.0. Izturīga konstrukcija. Neticama skaņas kvalitāte,99.74,,,
255,Austiņas,Beats,Studio3 Wireless,Ar galvas stīpu,Melna,Jā,Nē,Jā,3.5 mm,35 mm,20 - 20000 Hz,35 Ω,110 dB,Stereo,Aktīva,Skaļruņu skaits,2,260.8 g,Lithium,22 h,Vienību skaits iepakojumā,1,24 mēn,Pure Adaptive Noise Cancelling (ANC) tehnoloģija. Apple W1 čips,349.99,,,,,,
256,Austiņas,Logitech,G335,981-001018,Ar galvas stīpu,Balta,Jā,100 - 10000 Hz,Izvelkams,Nē,3.5 mm,40 mm,20 - 20000 Hz,36 Ω,87.5 dB,240 g,Nē,24 mēn,Elegants dizains,51.4,,,,,,,,,,,
257,Austiņas,Panasonic,RP-TCM115E,RP-TCM115E-A,In-Ear,Zila,Jā,Nē,Nē,3.5 mm,1.2 m,9 mm,10 - 24000 Hz,16 Ω,109 dB,Pasīva,12 g,24 mēn,3 maināmas austiņu uzmavas,10.99,,,,,,,,,,,
258,Austiņas,Razer,Kraken V3,Īpaši datorspēlēm,Melna,Jā,100 - 10000 Hz,Izvelkams,Jā,Nē,USB Type A,1.3 m,50 mm,20 - 20000 Hz,32 Ω,96 dB,Pasīva,325 g,Jā,24 mēn,95.0,,,,,,,,,,
259,Austiņas,Apple,EarPods,In-Ear,Balta,Jā,Jā,Nē,Lightning,10 - 20000 Hz,Stereo,Vienību skaits iepakojumā,1,24 mēn,Visiem ar Lightning konektoru,18.95,,,,,,,,,,,,,,,
260,1 gab.,–,1.0 gab.,1 gab.,–,"104,19 €",1 gab.,–,"104,19 €",Austiņas,Steelseries,Arctis 5 2019,Īpaši datorspēlēm,Melna,Jā,Izvelkams,Jā,Nē,3.5 mm,3 m,40 mm,20 - 22000 Hz,32 Ω,98 dB,"7.1, Surround Sound",Pasīva,306 g,"USB kabelis, 3,5 mm savienotāja adapteris",24 mēn,DTS Headphone:X v2.0 tehnoloģija. USB ChatMix Dial tehnoloģija. Prism RGB Illumination tehnoloģija. SteelSeries Engine tehnoloģija,104.19
261,Austiņas,Yealink,Dect,WH63,In-Ear,Melna,Jā,100 - 100000 Hz,Jā,Jā,USB 2.0,1.2 m,13.6 mm,20 - 10000 Hz,32 Ω,87 dB,Aktīva,19 g,Nē,8 h,2.5 h,"Iepakojuma saturs: Pamatne, Austiņas, Ausu āķis un ausu uzgaļi, Galvas saite, Strāvas adapteris, 1,2 m USB 2.0 kabelis, 0,8 m USB 2.0 kabelis, Īsā lietošanas pamācība",24 mēn,143.9,,,,,,,
262,Austiņas,Bose,-,QuietComfort Earbuds II,Melna,Jā,Iebūvēts,Jā,Bluetooth,9.3 mm,20 - 20000 Hz,Aktīva,60 g,Nē,6 h,1 h,24 mēn,279.0,,,,,,,,,,,,,
263,Austiņas,Jabra,Elite 4 Active,Melna,Jā,Bluetooth,20 - 20000 Hz,Aktīva,28 h,3.5 h,24 mēn,102.63,,,,,,,,,,,,,,,,,,,
264,Austiņas,Panasonic,RZ-B210WDE,RZ-B210WDE-W,Balta,Jā,Iebūvēts,Jā,Bluetooth,10 mm,20 - 20000 Hz,Nē,4 h,2 h,24 mēn,72.0,,,,,,,,,,,,,,,
265,Austiņas,JBL,T110,In-Ear,Melna,Jā,Jā,Nē,3.5 mm,1.5 m,9 mm,20 - 20000 Hz,30 mW,16 Ω,112 dB,13 g,"Austiņas, 2 dažādu izmēru ausu aizbāžņu pāri",24 mēn,JBL Pure Bass tehnoloģija. Izturīgs vads.,9.95,,,,,,,,,,,
266,Austiņas,Shokz,Open Run Pro,S810,Melna,Jā,Iebūvēts,Jā,Jā,Bluetooth,20 - 20000 Hz,105 dB,2.0 (Stereo),Aktīva,29 g,Nē,10 h,1 h,24 mēn,"Mūsdienīgs, ergonomisks dizains.",229.08,,,,,,,,,,
267,1 gab.,–,1.0 gab.,1 gab.,–,"89,39 €",1 gab.,–,"89,39 €",Austiņas,Razer,Kraken V3 X,Ar galvas stīpu,Melna,Jā,100 - 10000 Hz,Nē,USB,12 - 28000 Hz,Surround Sound,285 g,24 mēn,89.39,,,,,,,,
268,1 gab.,–,1.0 gab.,1 gab.,–,"67,80 €",1 gab.,–,"67,80 €",Austiņas,Razer,BlackShark V2 X,Ar galvas stīpu,Balta,Jā,100 - 10000 Hz,Izvelkams,Jā,Nē,3.5 mm,1.3 m,50 mm,12 - 28000 Hz,32 Ω,100 dB,Pasīva,240 g,Nē,24 mēn,Razer™ TriForce skaļruņi. Razer™ HyperClear mikrofons. Izcila skaņas kvalitāte. Ērti ausu spilventiņi,67.8
269,Austiņas,Yealink,UH38,On-Ear,Melna,Jā,100 - 14000 Hz,Izvelkams,Nē,Nē,USB,1.2 m,35 mm,20 - 20000 Hz,115 dB,110 g,24 mēn,75.0,,,,,,,,,,,,,
270,Austiņas,Steelseries,Arctis Nova 1,1,On-Ear,Melna,Jā,100 - 10000 Hz,Izvelkams,Jā,Nē,3.5 mm,1.2 m,40 mm,20 - 22000 Hz,36 Ω,93 dB,2.0 (Stereo),Aktīva,236 g,Nē,"Arctis Nova 1 austiņas; 3,5 mm līdz 3,5 mm audio kabelis - 5 polu līdz 4 polu (1,2 m); Dubultais 3,5 mm pagarinātājs (1,5 m)",24 mēn,52.49,,,,,,,
271,Austiņas,Sudio,A2,A2,Violeta,Jā,Iebūvēts,Jā,Bluetooth,10 mm,32 Ω,99 dB,Aktīva,53 g,Nē,9 h,2 h,24 mēn,36.0,,,,,,,,,,,,
272,Austiņas,JBL,Reflect Aero,Aero,In-Ear,Melna,Jā,Iebūvēts,Jā,Jā,Bluetooth,6.8 mm,20 - 20000 Hz,94 dB,Aktīva,13 g,8 h,2 h,JBL Reflect Aero; Ausu aizbāžņi 3 izmēros; POWERFINS austiņas 3 izmēros; USB-C uzlādes kabelis; Lādētājs,24 mēn,149.99,,,,,,,,,,
273,Austiņas,Panasonic,RP-TCM115E,RP-TCM115E-W,In-Ear,Balta,Jā,Nē,Nē,3.5 mm,1.2 m,9 mm,10 - 24000 Hz,16 Ω,109 dB,Pasīva,12 g,24 mēn,3 maināmas austiņu uzmavas,11.49,,,,,,,,,,,
274,Austiņas,Plantronics,Voyager 4210 UC,Ar galvas stīpu,Pelēka,Jā,20 - 20000 Hz,32 Ω,94 dB,Nē,110 g,15 h,1.5 h,24 mēn,Baterijas darbības laiks (Gaidīšanas): līdz 13 dienām. Darbības rādiuss: 30 m,179.9,,,,,,,,,,,,,,,
275,Austiņas,Jabra,SE Link 380a MS Stereo 7599-842-109,On-Ear,Melna,Jā,100 - 10000 Hz,Jā,Jā,USB Type A,40 mm,20 - 20000 Hz,30 mW,117 dB,2.0 (Stereo),Nē,18 h,2 h,24 mēn,210.62,,,,,,,,,,,
276,Austiņas,Soundcore,Liberty Pro 3,Liberty Pro 3,In-Ear,Pelēka,Jā,Iebūvēts,Jā,Jā,USB Type C,Stereo,Nē,Nē,8 h,24 mēn,146.99,,,,,,,,,,,,,,
277,Austiņas,Beats,Studio Buds,MJ503ZM/A,Sarkana,Jā,Iebūvēts,Nē,Jā,Bluetooth,2.0 (Stereo),Aktīva,48 g,Nē,8 h,1 x Beats Studio Buds,24 mēn,"Pielāgota akustiskā platforma nodrošina jaudīgu, līdzsvarotu skaņu, aktīvā trokšņu slāpēšanas funkcija (ANC) bloķē ārējos trokšņus, lai klausītos iespaidīgi, viegli pārslēdzieties uz caurspīdīguma režīmu, lai dzirdētu apkārtējo pasauli.",163.0,,,,,,,,,,,,
278,Austiņas,Steelseries,Arctis 1,Melna,Jā,Noņemams,Jā,Nē,2 x 3.5 mm,3 m,20 - 20000 Hz,32 Ω,100 dB,2.0 (Stereo),Pasīva,Jā,24 mēn,"Mūsdienīgs, ergonomisks dizains.",129.99,,,,,,,,,,,,
279,Austiņas,Jabra,Evolve2,Link380c,Ar galvas stīpu,Melna,Jā,Izvelkams,Bluetooth,50 - 20000 Hz,117 dB,24 mēn,363.59,,,,,,,,,,,,,,,,,,
280,Austiņas,Genesis,Radon 800,On-Ear,Melna,Jā,100 - 10000 Hz,Izvelkams,Nē,3.5 mm,1.8 m,40 mm,20 - 20000 Hz,32 Ω,116 dB,178.9 g,Nē,24 mēn,47.67,,,,,,,,,,,,
281,Austiņas,Samsung,Galaxy Buds2,In-Ear,Balta,Jā,Iebūvēts,Nē,Jā,Bluetooth,20 - 20000 Hz,2.0 (Stereo),Aktīva,5 g,Nē,5 h,0.25 h,24 mēn,116.72,,,,,,,,,,,,
282,Austiņas,JBL,Tune 660BT,Ar galvas stīpu,Rozā,Jā,Iebūvēts,Jā,Jā,USB-C,32 mm,20 Hz,100 dB,Aktīva,166 g,55 h,2 h,Uzlādes kabelis.,24 mēn,Aktīvā skaņu slāpēšana,69.9,,,,,,,,,,
283,Austiņas,HyperX,Cloud Stinger 2 Core,On-Ear,Melna,Jā,Izvelkams,Jā,Nē,3.5 mm,40 mm,10 - 25000 Hz,272 g,Nē,24 mēn,145.21,,,,,,,,,,,,,,,
284,Austiņas,Snom,A170 Wireless DECT,Aiz auss,Melna,Jā,Nē,Jā,20 - 20000 Hz,24 mēn,"Trīs dažādi vilkšanas veidi (Galvas stīpa, aiz-auss stiprinājums un ""neckband"")",167.9,,,,,,,,,,,,,,,,,,,
285,Austiņas,Sony,RF895RK,Ar galvas stīpu,Melna,Nē,Iebūvēts,Jā,Jā,40 mm,10 - 22000 Hz,32 Ω,100 dB,Pasīva,20 h,24 mēn,Ērti ausu spilventiņi. Balss režīms.,83.0,,,,,,,,,,,,,
286,Austiņas,Urbanista,Seoul,-,In-Ear,Balta,Jā,Iebūvēts,Nē,Jā,Bluetooth,10 mm,20 - 20000 Hz,32 Ω,106 dB,Pasīva,8 h,3 h,"USB Type-C kabelis, Silikona uzgaļi S, M, L,",24 mēn,48.0,,,,,,,,,,
287,Austiņas,Savio,TWS-09,Melna,Jā,Iebūvēts,Jā,Bluetooth,20 - 20000 Hz,16 Ω,64 dB,8.4 g,32 h,8 h,24 mēn,18.0,,,,,,,,,,,,,,,
288,Austiņas,JBL,Tune 510BT,Ar galvas stīpu,Melna,Jā,Iebūvēts,Jā,Jā,USB-C,32 mm,20 Hz,95 dB,Nē,160 g,40 h,2 h,Uzlādes kabelis,24 mēn,35.99,,,,,,,,,,,
289,Austiņas,Logitech,H15,Ar galvas stīpu,Balta,Jā,Jā,Nē,3.5 mm,1.8 m,20 mm,20 - 20000 Hz,100 mW,22 Ω,122 dB,Stereo,Nē,80 g,24 mēn,Regulējama galvas stīpa. Regulējams mikrofons.,16.57,,,,,,,,,,
290,Austiņas,Philips,SHK2000,Ar galvas stīpu,Melna,Nē,Nē,Nē,3.5 mm,32 mm,12 - 22000 Hz,32 Ω,99 dB,Pasīva,0.1002 g,24 mēn,Ergonomiska konstrukcija. Mīksti ausu spilventiņi,12.99,,,,,,,,,,,,,
291,Austiņas,JBL,Tune 230 NC TWS,Tune 230 NC TWS,In-Ear,Melna,Jā,Bluetooth,6 mm,20 - 20000 Hz,Aktīva,10 h,2 h,24 mēn,117.9,,,,,,,,,,,,,,,,
292,Austiņas,Philips,TAT2206,TAT2206PK/00,Rozā,Jā,20 - 20000 Hz,Iebūvēts,Jā,Jā,Bluetooth,6 mm,20 - 20000 Hz,5 mW,16 Ω,101 dB,"1.0 (Mono), 2.0 (Stereo)",130 g,18 h,2 h,"- USB kabelis: USB-C kabelis
- Uzlādes korpuss
- Austiņas: 3 izmēri",24 mēn,Sarunu laiks: 6 + 12 stundas. Mūzikas atskaņošanas laiks: 6 + 12 st.,32.99,,,,,,,
293,Austiņas,JBL,-,Endurance Run 2,In-Ear,Melna,Jā,Jā,Nē,3.5 mm,8.2 mm,20 - 20000 Hz,Nē,"1 x Endurance Run 2 ar vadu, 3 x ausu uzgaļu izmēri, 1 x pastiprinātājs, 1 x garantija/brīdinājums, 1 x drošības lapa / ātrās lietošanas pamācība",24 mēn,22.51,,,,,,,,,,,,,,,
294,Austiņas,Edifier,Stax Spirit S3,Ar galvas stīpu,Melna,Jā,Iebūvēts,Jā,Bluetooth,89 mm,10 - 40000 Hz,24 Ω,94 dB,329 g,Nē,80 h,24 mēn,245.0,,,,,,,,,,,,,
295,Austiņas,Logitech,H111 Analog,Ar galvas stīpu,Pelēka,Jā,Nē,Nē,3.5 mm,1.8 m,20 mm,20 - 20000 Hz,32 Ω,100 dB,Nē,74 g,24 mēn,Regulējama galvas stīpa. Regulējams mikrofons.,16.5,,,,,,,,,,,,
296,Austiņas,Audio Technica,ATH-CKS50TWBK,Melna,Jā,100 - 8000 Hz,Iebūvēts,Jā,Jā,Bluetooth,9 mm,5 - 20000 Hz,20 Ω,110 dB,Aktīva,76 g,50 h,3 h,24 mēn,50 stundu akumulators (20 stundas austiņās + 30 stundas uzlādes futrālī),165.9,,,,,,,,,,
297,Austiņas,Sandberg,Pro Stereo,126-30,Ar galvas stīpu,Melna,Jā,50 - 16000 Hz,Iebūvēts,Jā,Nē,RJ11,2.1 m,30 mm,20 - 7000 Hz,40 dB,Stereo,200 g,Nē,24 mēn,37.0,,,,,,,,,,
298,Austiņas,Sony,WH-1000XM4,WH-1000XM4,Ar galvas stīpu,Melna,Jā,Iebūvēts,1.2 m,20 - 20000 Hz,Aktīva,24 mēn,299.99,,,,,,,,,,,,,,,,,,
299,Austiņas,Jabra,Evolve2 75,MS Link380c with Stand,Ar galvas stīpu,Melna,Jā,5 - 20000 Hz,Iebūvēts,Jā,Jā,40 mm,20 - 20000 Hz,30 mW,36 h,2 h,24 mēn,323.15,,,,,,,,,,,,,
300,Austiņas,Nura,NuraTrue,NuraTrue Fool's Gold Limited Edition,Dzeltena,Jā,Iebūvēts,Jā,Bluetooth,20 - 20000 Hz,2.0 (Stereo),37.1 g,Nē,6 h,24 mēn,207.0,,,,,,,,,,,,,,,
301,Austiņas,Motorola,Moto,Buds 270,Melna,Jā,Iebūvēts,Jā,Bluetooth,6.8 mm,20 - 20000 Hz,6 h,24 mēn,115.9,,,,,,,,,,,,,,,,,
302,Austiņas,Razer,Kaira Pro,HyperSpeed,Balta,Jā,100 - 10000 Hz,Noņemams,Nē,Nē,Bluetooth,50 mm,20 - 20000 Hz,32 Ω,108 dB,365 g,Nē,30 h,24 mēn,210.2,,,,,,,,,,,
303,Austiņas,Bose,QuietComfort,QuietComfort,Smilškrāsas,Jā,Iebūvēts,Nē,Jā,Bluetooth,2.0 (Stereo),Aktīva,Nē,6 h,2 h,24 mēn,Ergonomisks dizains,250.2,,,,,,,,,,,,,
304,Austiņas,Monster,N-Lite 200 Airlinks,Melna,Jā,Iebūvēts,Jā,Bluetooth,20 - 20000 Hz,5 h,24 mēn,69.99,,,,,,,,,,,,,,,,,,,
305,Austiņas,JBL,Tune 760NC,760NC,Ar galvas stīpu,Melna,Jā,Iebūvēts,Jā,Jā,3.5 mm,40 mm,20 - 20000 Hz,1 mW,32 Ω,95 dB,2.0 (Stereo),Aktīva,220 g,Nē,35 h,2 h,"Austiņas, USB-C uzlādes kabelis, audio kabelis, ātrā lietošanas pamācība",24 mēn,Vienlaikus var izveidot savienojumu ar divām Bluetooth ierīcēm.,109.99,,,,,
306,Austiņas,Asus,ROG Delta S,On-Ear,Balta,Jā,100 - 10000 Hz,Iebūvēts,Nē,Jā,Bluetooth,50 mm,20 - 20000 Hz,32 Ω,318 g,25 h,24 mēn,185.9,,,,,,,,,,,,,
307,Austiņas,Jabra,Biz 2300 Duo QD,Ar galvas stīpu,Melna,Jā,Nē,Quick Disconnect (QD),150 - 4500 Hz,Nē,24 mēn,PeakStop™. Rotējošs mikrofons.,127.0,,,,,,,,,,,,,,,,,,
308,Austiņas,Yealink,BH72 UC with Charging Stand,Ar galvas stīpu,Melna,Jā,Izvelkams,Jā,Bluetooth,35 mm,20 - 20000 Hz,117 dB,189 g,Nē,40 h,2.5 h,24 mēn,176.9,,,,,,,,,,,,,
309,Austiņas,Jabra,Elite,2,In-Ear,Tumši pelēka,Jā,100 - 8000 Hz,Iebūvēts,Jā,Bluetooth,6 mm,20 - 20000 Hz,118 dB,31 g,Nē,7 h,3 h,24 mēn,51.3,,,,,,,,,,,
310,Austiņas,Huawei,FreeBuds Pro 2,Gaiši zila,Jā,Iebūvēts,Jā,Jā,14 - 40000 Hz,Aktīva,52 g,Nē,6.5 h,1 h,24 mēn,149.0,,,,,,,,,,,,,,,
311,Austiņas,Bose,700,Ar galvas stīpu,Melna,Jā,Iebūvēts,Jā,Jā,3.5 mm,1 m,20 - 20000 Hz,Aktīva,20 h,2.5 h,24 mēn,321.0,,,,,,,,,,,,,,
312,Austiņas,Monster,-,N-Lite 200 Airlinks,Zaļa,Jā,Iebūvēts,Jā,Bluetooth,20 - 20000 Hz,5 h,24 mēn,63.0,,,,,,,,,,,,,,,,,,
313,Austiņas,BlueParrott,B450-XT,Ar galvas stīpu,Melna,Jā,Jā,Bluetooth,36 mm,150 - 6800 Hz,32 Ω,123 dB,24 mēn,158.9,,,,,,,,,,,,,,,,,
314,Austiņas,Sennheiser,Momentum True Wireless 3,Melna,Jā,100 - 10000 Hz,Iebūvēts,Jā,Bluetooth,7 mm,5 - 21000 Hz,Aktīva,66.4 g,28 h,1.5 h,24 mēn,240.0,,,,,,,,,,,,,,
315,Austiņas,Logitech,G Pro X,X Gaming Headset League of Legends,Ar galvas stīpu,Zila,Jā,100 - 10000 Hz,Noņemams,Nē,USB,2 m,50 mm,20 - 20000 Hz,35 Ω,91.7 dB,320 g,Nē,24 mēn,"Mūsdienīgs, ergonomisks dizains",110.9,,,,,,,,,,
316,Austiņas,Google,-,Pixel Buds Pro,Melna,Jā,Iebūvēts,Jā,Bluetooth,11 mm,20 - 20000 Hz,Stereo,Aktīva,6.2 g,Nē,31 h,"Pixel Buds Pro, USB, austiņu uzgaļi ar 3 izmēra opcijām: mazi, vidēji (pievienoti austiņām), lieli, ātrā darba sākšanas rokasgrāmata",24 mēn,"Sviedru un ūdens izturīgs: austiņas IPX4, korpuss IPX2",246.0,,,,,,,,,,,
317,Austiņas,Oneplus,OnePlus Buds Pro 2,Melna,Jā,20 - 20000 Hz,24 mēn,174.9,,,,,,,,,,,,,,,,,,,,,,,
318,Austiņas,Samsung,Galaxy Buds Live,In-Ear,Melna,Jā,Iebūvēts,Jā,Bluetooth,12 mm,20 - 20000 Hz,Aktīva,6 h,24 mēn,79.0,,,,,,,,,,,,,,,,
319,Austiņas,JBL,Tune 760NC,760NC,Ar galvas stīpu,Balta,Jā,Iebūvēts,Jā,Jā,3.5 mm,40 mm,20 - 20000 Hz,1 mW,32 Ω,95 dB,2.0 (Stereo),Aktīva,220 g,Nē,35 h,2 h,"Austiņas, USB-C uzlādes kabelis, audio kabelis, ātrā lietošanas pamācība",24 mēn,Vienlaikus var izveidot savienojumu ar divām Bluetooth ierīcēm.,112.75,,,,,
320,Austiņas,Xiaomi,Mi Basic ZBW4355TY,In-Ear,Balta,Jā,Nē,3.5 mm,1.2 m,9 mm,20 - 22000 Hz,5 mW,16 Ω,97 dB,12 g,24 mēn,Izcili piemērotas mobilajām ierīcēm,8.99,,,,,,,,,,,,,
321,Austiņas,Yealink,BH72 Microsoft Teams with Charging Stand,Ar galvas stīpu,Melna,Jā,100 - 8000 Hz,Izvelkams,Jā,Bluetooth,1 m,35 mm,20 - 20000 Hz,50 mW,117 dB,40 h,1.5 h,24 mēn,Darbības rādiuss: 30 m.,234.0,,,,,,,,,,,
322,Austiņas,Beats,Studio3 Wireless,Ar galvas stīpu,Balta,Jā,Nē,Jā,3.5 mm,35 mm,20 - 20000 Hz,35 Ω,110 dB,Aktīva,260.8 g,22 h,24 mēn,Pure Adaptive Noise Cancelling (ANC) tehnoloģija. Apple W1 čips,337.04,,,,,,,,,,,,
323,1 gab.,–,1.0 gab.,1 gab.,–,"79,99 €",1 gab.,–,"79,99 €",Austiņas,HyperX,Cloud Stinger Core,HHSS1C-BA-BK/G,Ar galvas stīpu,Melna,Jā,50 - 18000 Hz,Izvelkams,3.5 mm,1.3 m,40 mm,20 - 20000 Hz,16 Ω,103 dB,244 g,24 mēn,"Mūsdienīgs, ergonomisks dizains",79.99,,,
324,Austiņas,A4Tech,G220S,Ar galvas stīpu,Melna,Jā,USB,2 m,20 - 20000 Hz,16 Ω,100 dB,24 mēn,Īpaši viegls,101.0,,,,,,,,,,,,,,,,,
325,Austiņas,JBL,T205,Standarta bez stīpas,Melna,Jā,Jā,Nē,3.5 mm,1.5 m,12.5 mm,20 - 20000 Hz,16 Ω,98 dB,14.3 g,24 mēn,Ergonomisks dizains. Somiņa. JBL Pure Bass tehnoloģija.,15.99,,,,,,,,,,,,,
326,Austiņas,Philips,SHP2500,Ar galvas stīpu,Melna,Nē,Jā,Nē,3.5 mm,40 mm,9 - 23000 Hz,50 mW,32 Ω,95 dB,2.0 (Stereo),24 mēn,"Pilnībā regulējama galvas stīpa un ausis, lai panāktu nevainojamu atbilstību. Pilnizmēra ausis izcilai skaņas izolācijai. Īpaši garš 6 m vads atvieglo TV skatīšanos no atstatuma. Ērta skaļuma regulēšana vadā",16.0,,,,,,,,,,,,,
327,Austiņas,JBL,JR 460 NC,JR 460NC,Zila,Jā,Jā,3.5 mm,20 - 20000 Hz,200 g,20 h,2 h,24 mēn,79.99,,,,,,,,,,,,,,,,,
328,Austiņas,Thomson,WEAR 7701,WEAR 7701,In-Ear,Balta,Jā,100 - 5000 Hz,Iebūvēts,Jā,Jā,Bluetooth,20 - 20000 Hz,75 mW,32 Ω,92 dB,2.0 (Stereo),41 g,Nē,4 h,3 h,24 mēn,20.0,,,,,,,,
329,Austiņas,Jabra,Evolve 65 Series Mono,Ar galvas stīpu,Melna,Jā,Nē,Jā,20 - 20000 Hz,Pasīva,24 mēn,Busy light,162.9,,,,,,,,,,,,,,,,,,
330,Austiņas,Jabra,Evolve2,Ar galvas stīpu,Melna,Jā,Iebūvēts,Bluetooth,20 - 20000 Hz,117 dB,Aktīva,24 mēn,"Lielāki skaļruņi. Labāka skaņa. Iegūstiet 37 stundas ilgu akumulatora darbības laiku 2,5 stundu laikā",469.0,,,,,,,,,,,,,,,,,
331,Austiņas,HyperX,Cloud Alpha S,Īpaši datorspēlēm,Melna,Jā,50 - 18000 Hz,Noņemams,Jā,Nē,3.5 mm,2 m,13 - 27000 Hz,65 Ω,24 mēn,104.9,,,,,,,,,,,,,,,
332,Austiņas,Philips,TAT2206,TAT2206WT/00,Balta,Jā,20 - 20000 Hz,Iebūvēts,Jā,Jā,Bluetooth,6 mm,20 - 20000 Hz,5 mW,16 Ω,101 dB,"1.0 (Mono), 2.0 (Stereo)",130 g,18 h,2 h,"- USB kabelis: USB-C kabelis
- Uzlādes korpuss
- Austiņas: 3 izmēri",24 mēn,Sarunu laiks: 6 + 12 stundas. Mūzikas atskaņošanas laiks: 6 + 12 st.,35.99,,,,,,,
333,Austiņas,Jabra,Evolve2,75,Ar galvas stīpu,Melna,Jā,5 - 20000 Hz,Izvelkams,Jā,Jā,USB Type C,1.2 m,40 mm,20 - 20000 Hz,30 mW,35 dB,Stereo,Aktīva,197 g,Nē,25 h,2.6 h,24 mēn,"Mūsdienīgs, ergonomisks dizains",265.05,,,,,
334,1 gab.,–,1.0 gab.,1 gab.,–,"69,99 €",1 gab.,–,"69,99 €",Austiņas,Logitech,G435,Balta,Jā,100 - 8000 Hz,Iebūvēts,Jā,Bluetooth,40 mm,20 - 20000 Hz,83.1 dB,2.0 (Stereo),165 g,Nē,18 h,24 mēn,69.99,,,,
335,Austiņas,Logitech,G435,Zila,Jā,100 - 8000 Hz,Iebūvēts,Jā,Bluetooth,40 mm,20 - 20000 Hz,83.1 dB,2.0 (Stereo),165 g,Nē,18 h,24 mēn,67.0,,,,,,,,,,,,,
336,Austiņas,Logitech,G333,G333,In-Ear,Violeta,Jā,Jā,Nē,3.5 mm,20 - 20000 Hz,24 Ω,101 dB,Pasīva,13.6 g,Nē,24 mēn,49.9,,,,,,,,,,,,,
337,Austiņas,Razer,Barracuda,Ar galvas stīpu,Melna,Jā,100 - 10000 Hz,Iebūvēts,Jā,Bluetooth,50 mm,20 - 20000 Hz,32 Ω,96 dB,300 g,Nē,40 h,24 mēn,Ergonomisks dizains,129.9,,,,,,,,,,,
338,Austiņas,Trust,Zena,Ar galvas stīpu,Melna,Jā,Iebūvēts,Jā,20 - 20000 Hz,32 Ω,100 dB,Pasīva,24 mēn,30.79,,,,,,,,,,,,,,,,,
339,Austiņas,Roccat,Syn Max Air,Ar galvas stīpu,Melna,Jā,Noņemams,Jā,Jā,USB 2.0,50 mm,20 - 20000 Hz,Jā,16 h,24 mēn,216.9,,,,,,,,,,,,,,,
340,Austiņas,Steelseries,Arctis 7+,Arctis 7+,Ar galvas stīpu,Balta,Jā,100 - 6500 Hz,Iebūvēts,Jā,USB-C,40 mm,20 - 20000 Hz,32 Ω,98 dB,Aktīva,Nē,24 h,3 h,24 mēn,Efektīvais diapazons: 12 m. Mikrofona jutība: -38 db. Mikrofona pretestība: 2200 omi.,157.0,,,,,,,,,
341,Austiņas,Samsung,Galaxy Buds2 Pro,SM-R510NLVAEUE,In-Ear,Violeta,Jā,Iebūvēts,Nē,Jā,Bluetooth,20 - 20000 Hz,2.0 (Stereo),Aktīva,10 h,24 mēn,152.78,,,,,,,,,,,,,,
342,Austiņas,Corsair,VOID RGB Elite,Ar galvas stīpu,Melna,Jā,100 - 10000 Hz,Jā,Jā,50 mm,20 - 30000 Hz,32 Ω,116 dB,"7.1, Surround Sound",Pasīva,16 h,24 mēn,LED apgaismojums,99.0,,,,,,,,,,,,
343,Austiņas,JBL,T500,Ar galvas stīpu,Balta,Jā,3.5 mm,1 m,20 - 20000 Hz,24 mēn,26.0,,,,,,,,,,,,,,,,,,,,
344,Austiņas,Audio-Technica,ATH-M60x,Ar galvas stīpu,Melna,Nē,3.5 mm,3 m,15 - 28000 Hz,38 Ω,102 dB,Pasīva,Ērti ausu spilventiņi. Izcila skaņas kvalitāte. Izturīga konstrukcija,209.0,,,,,,,,,,,,,,,,,
345,Austiņas,Blow,Smart Style 1,In-Ear,Balta,Jā,Iebūvēts,Jā,Jā,20 - 20000 Hz,Nē,24 mēn,Bluetooth: 4.2,8.0,,,,,,,,,,,,,,,,,
346,Austiņas,Jabra,Evolve2 85 Link380c UC Stereo,Ar galvas stīpu,Melna,Jā,3.5 mm,20 - 20000 Hz,117 dB,Aktīva,Izcila skaņas kvalitāte. Ērti ausu spilventiņi. BusyLight indikators,429.0,,,,,,,,,,,,,,,,,,,
347,Austiņas,Panasonic,HJE125E,RP-HJE125E-K,In-Ear,Melna,Nē,Nē,Nē,3.5 mm,1.1 m,10.7 mm,10 - 24000 Hz,200 mW,16 Ω,97 dB,Nē,99.8 g,24 mēn,3 maināmas austiņu uzmavas,9.99,,,,,,,,,,
348,Austiņas,Sennheiser,CX200TW1,Melna,Jā,100 - 10000 Hz,Jā,Bluetooth,7 mm,5 - 21000 Hz,Pasīva,37 g,27 h,1.5 h,24 mēn,99.0,,,,,,,,,,,,,,,
349,Austiņas,Steelseries,Arctis Nova 1,Arctis Nova 1,On-Ear,Balta,Jā,100 - 10000 Hz,Izvelkams,Nē,3.5 mm,1.2 m,40 mm,20 - 22000 Hz,36 Ω,93 dB,2.0 (Stereo),236 g,Nē,24 mēn,59.99,,,,,,,,,,
350,Austiņas,Xiaomi,Buds 3T Pro,Buds 3T Pro,Melna,Jā,Iebūvēts,Nē,Jā,Bluetooth,10 mm,20 - 20000 Hz,40 dB,Stereo,Aktīva,4.9 g,Nē,24 h,Xiaomi Mi True Wireless Earbuds Basic 2S austiņas. Uzlādes futrālis. Rezerves austiņu uzgaļi. Instrukcija un garantijas karte,24 mēn,"Lūdzu, ņemiet vērā: USB-C uzlādes kabelis nav iekļauts komplektā!",83.0,,,,,,,,,
351,1 gab.,–,1.0 gab.,1 gab.,–,"55,01 €",1 gab.,–,"55,01 €",Austiņas,JBL,Vibe 200,In-Ear,Melna,Jā,Jā,Bluetooth,8 mm,20 - 20000 Hz,Nē,47.5 g,20 h,2 h,24 mēn,55.01,,,,,,
352,Austiņas,Blow,B-11,In-Ear,Balta,Jā,Nē,Nē,3.5 mm,1.2 m,13 - 22500 Hz,32 Ω,110 dB,Nē,14 g,24 mēn,Maināmas austiņu uzmavas,4.0,,,,,,,,,,,,,
353,Austiņas,Huawei,FreeBuds 5,Balta,Bluetooth versija,5.0,Jā,Iebūvēts,Jā,Bluetooth,11 mm,16 - 40000 Hz,Skaļruņu skaits,2,5 h,4 h,Vienību skaits iepakojumā,1,24 mēn,153.93,,,,,,,,,,,
354,Austiņas,Xiaomi,Redmi Buds 4,Redmi Buds 4,In-Ear,Balta,Jā,Iebūvēts,Jā,Bluetooth,20 - 20000 Hz,16 Ω,2.0 (Stereo),Aktīva,46 g,6 h,24 mēn,43.0,,,,,,,,,,,,,
355,Austiņas,Yealink,BH72 Lite UC,Ar galvas stīpu,Melna,Jā,100 - 8000 Hz,Izvelkams,Jā,Bluetooth,35 mm,20 - 20000 Hz,117 dB,187 g,Nē,40 h,2 h,24 mēn,Darbības diapazons: 30 m,194.0,,,,,,,,,,,
356,Austiņas,JBL,Live 460NC,Ar galvas stīpu,Balta,Jā,Jā,Bluetooth,40 mm,20 - 20000 Hz,Aktīva,40 h,2 h,24 mēn,109.99,,,,,,,,,,,,,,,,
357,Austiņas,Rebeltec,Vela,Ar galvas stīpu,Melna,Jā,Iebūvēts,Jā,Bluetooth,20 - 20000 Hz,95 dB,Stereo,24 mēn,13.49,,,,,,,,,,,,,,,,,
358,Austiņas,Beats,Studio3 Wireless,Studio3,Ar galvas stīpu,Melna,Jā,Nē,Jā,3.5 mm,35 mm,20 - 20000 Hz,35 Ω,110 dB,Aktīva,260.8 g,22 h,24 mēn,Pure Adaptive Noise Cancelling (ANC) tehnoloģija. Apple W1 čips,359.0,,,,,,,,,,,
359,Austiņas,Natec,Genesis Argon 110,Ar galvas stīpu,Melna,Jā,20 - 20000 Hz,Jā,Nē,3.5 mm,1.8 m,20 - 20000 Hz,32 Ω,108 dB,Stereo,Pasīva,24 mēn,Ērts dizains,11.59,,,,,,,,,,,,
360,Austiņas,Jabra,Evolve 75 MS SE,On-Ear,Melna,Jā,Izvelkams,Jā,Jā,Bluetooth,20 - 20000 Hz,177 g,18 h,2 h,24 mēn,271.0,,,,,,,,,,,,,,,
361,Austiņas,Razer,Kraken Kitty,Ar galvas stīpu,Rozā,Jā,100 - 10000 Hz,Jā,Nē,USB,1.3 m,50 mm,20 - 20000 Hz,32 Ω,109 dB,Pasīva,408 g,24 mēn,THX Spatial Audio. LED apgaismojums,150.99,,,,,,,,,,,
362,Austiņas,Trust,GXT 411,GXT411P,Ar galvas stīpu,Rozā,Jā,100 - 8000 Hz,Ar klipsi,Jā,Nē,3.5 mm,1 m,40 mm,20 - 20000 Hz,36 Ω,108 dB,2.0 (Stereo),275 g,Nē,24 mēn,"Mūsdienīgs, ergonomisks dizains.",14.02,,,,,,,,
363,Austiņas,Jabra,Evolve2 75,MS Link380a with Stand,Ar galvas stīpu,Melna,Jā,5 - 20000 Hz,Noņemams,Jā,Jā,1.2 m,40 mm,20 - 20000 Hz,30 mW,35 dB,Stereo,Aktīva,197 g,Nē,33 h,2 h,24 mēn,Darbības diapazons: līdz 30 m. Pārī savienotās ierīces: līdz 8 Bluetooth ierīcēm.,320.97,,,,,,
364,Austiņas,Philips,TAT1207,TAT1207WT/00,Melna,Jā,Iebūvēts,Nē,Jā,Bluetooth,6 mm,20 - 20000 Hz,16 Ω,97 dB,2.0 (Stereo),34 g,Nē,6 h,2 h,24 mēn,27.49,,,,,,,,,,
365,Austiņas,Philips,TAUH202,TAUH202WT/00,Ar galvas stīpu,Balta,Jā,Iebūvēts,Jā,Jā,Bluetooth,21 mm,20 - 20000 Hz,32 Ω,102 dB,Nē,195 g,15 h,3 h,24 mēn,Salokāmas,26.0,,,,,,,,,
366,Austiņas,Blow,B-15,In-Ear,Melna,Jā,Nē,Nē,3.5 mm,1.2 m,20 - 20000 Hz,32 Ω,122 dB,Pasīva,24 mēn,Moderns dizains,4.99,,,,,,,,,,,,,,
367,Austiņas,Monster,Clarity 108,137140-02,Melna,Jā,Iebūvēts,Jā,Bluetooth,12 mm,20 - 20000 Hz,Aktīva,Nē,7 h,24 mēn,92.0,,,,,,,,,,,,,,,
368,Austiņas,JLab,JBuds Air,JBuds Air,Balta,Jā,Iebūvēts,Nē,Jā,8 mm,20 - 20000 Hz,32 Ω,103 dB,Pasīva,6 h,1.5 h,24 mēn,IP55 sviedru izturība,114.0,,,,,,,,,,,,
369,Austiņas,Huawei,FreeBuds SE,FreeBuds SE,Balta,Jā,Iebūvēts,Nē,Jā,Bluetooth,10 mm,20 - 20000 Hz,Stereo,Aktīva,5.1 g,Nē,6 h,1.5 h,"Austiņas, uzlādes maciņš, ausu uzgaļi — 3 pāri (pieejami lieli, vidēji un mazi. Vidējie izmēri ir iepriekš uzstādīti uz austiņām.), ātrās lietošanas pamācība, drošības informācija, USB-C kabelis.",24 mēn,Elegants dizains,39.0,,,,,,,,,
370,1 gab.,–,1.0 gab.,1 gab.,–,"59,00 €",1 gab.,–,"59,00 €",Austiņas,Sony,WH-CH520,Ar galvas stīpu,Melna,Jā,Bluetooth,20 - 20000 Hz,147 g,40 h,3 h,24 mēn,59.0,,,,,,,,,
371,Austiņas,Blow,BTX600ANC,Ar galvas stīpu,Melna,Jā,Jā,Jā,3.5 mm,40 mm,20 - 20000 Hz,50 mW,105 dB,Aktīva,2 h,24 mēn,Bluetooth versija: 4.1. Uzlādes veids: USB. Maksimālais diapazons no pāra ierīces: 10m,35.0,,,,,,,,,,,,,
372,Austiņas,Sennheiser,SC 165 USB-C,Ar galvas stīpu,Melna,Jā,Jā,Nē,3.5 mm,20 - 20000 Hz,115 dB,Pasīva,24 mēn,Elegants dizains,62.0,,,,,,,,,,,,,,,,
373,Austiņas,Natec,Thunderstreak 3.0,Ar galvas stīpu,Melna,Jā,Jā,3.5 mm,1.8 m,20 - 20000 Hz,32 Ω,105 dB,24 mēn,"Komplektā ietilpst: Pele, klaviatūra, austiņas, peles paliktnis",18.0,,,,,,,,,,,,,,,,
374,Austiņas,Xiaomi,Redmi Buds 3 Lite,Redmi Buds 3 Lite,Melna,Jā,Iebūvēts,Jā,Bluetooth,20 - 20000 Hz,32 Ω,2.0 (Stereo),36 g,Nē,5 h,1.5 h,24 mēn,Ar IP54 putekļu un ūdens izturību,20.99,,,,,,,,,,,,
375,Austiņas,Philips,TAH-4205,TAH4205BK/00,Ar galvas stīpu,Melna,Jā,Iebūvēts,Jā,Jā,Bluetooth,20 - 20000 Hz,32 Ω,110 dB,Pasīva,29 h,2 h,24 mēn,32.95,,,,,,,,,,,,
376,Austiņas,Philips,TAT2206,TAT2206GR/00,Zaļa,Jā,20 - 20000 Hz,Iebūvēts,Jā,Jā,Bluetooth,6 mm,20 - 20000 Hz,5 mW,16 Ω,101 dB,"1.0 (Mono), 2.0 (Stereo)",130 g,18 h,2 h,"- USB kabelis: USB-C kabelis
- Uzlādes korpuss
- Austiņas: 3 izmēri",24 mēn,Sarunu laiks: 6 + 12 stundas. Mūzikas atskaņošanas laiks: 6 + 12 st.,35.99,,,,,,,
377,Austiņas,Beyerdynamic,DT 770 PRO,Ar galvas stīpu,Melna,Nē,Nē,3.5 mm,3 m,5 - 35000 Hz,250 Ω,Pasīva,24 mēn,Ērti ausu spilventiņi. Aizvērta tipa austiņas,164.9,,,,,,,,,,,,,,,,
378,Austiņas,Plantronics,Voyager,4310 UC,Ar galvas stīpu,Melna,Jā,Noņemams,Jā,Jā,Bluetooth,20 - 20000 Hz,102 dB,Aktīva,47 h,1.6 h,24 mēn,173.9,,,,,,,,,,,,,
379,Austiņas,MSI,DS502,Ar galvas stīpu,Melna,Jā,100 - 10000 Hz,Iebūvēts,Jā,Nē,USB,2 m,40 mm,20 - 20000 Hz,32 Ω,105 dB,"7.1, Surround Sound",Pasīva,24 mēn,Mīksti ausu spilventiņi. Regulējama galvas stīpa. Ergonomisks dizains. Xear™ Living skaņas tehnoloģija.,66.99,,,,,,,,,,
380,Austiņas,Logitech,Logitech ausinės G435 + Logitech mouse G305,Ar galvas stīpu,Balta,Jā,100 - 8000 Hz,Iebūvēts,Jā,Bluetooth,40 mm,20 - 20000 Hz,165 g,18 h,Komplektā ietilpst bezvadu spēļu pele G305,24 mēn,134.9,,,,,,,,,,,,,,
381,Austiņas,Apple,AirPods (3rd generation),In-Ear,Balta,Jā,Iebūvēts,Nē,Jā,Bluetooth,20 - 20000 Hz,2.0 (Stereo),Nē,46 g,6 h,"Austiņas, magsafe lādīte",24 mēn,218.0,,,,,,,,,,,,,
382,Austiņas,Trust,GXT 411,GXT411K,Ar galvas stīpu,Melna,Jā,100 - 8000 Hz,Ar klipsi,Jā,Nē,3.5 mm,1 m,40 mm,20 - 20000 Hz,36 Ω,108 dB,2.0 (Stereo),275 g,Nē,24 mēn,"Mūsdienīgs, ergonomisks dizains.",18.99,,,,,,,,
383,Austiņas,Yealink,WH62 DECT,Ar galvas stīpu,Melna,Jā,Izvelkams,Nē,Jā,Bluetooth,Nē,14 h,24 mēn,174.9,,,,,,,,,,,,,,,,,
384,Austiņas,HyperX,HyperX Cloud II RED,Ar galvas stīpu,Melna,Jā,Jā,Nē,USB,1 m,53 mm,15 - 25000 Hz,24 mēn,75.5,,,,,,,,,,,,,,,,,
385,Austiņas,Jabra,Evolve 65 UC,Ar galvas stīpu,Melna,Jā,Jā,70 - 20000 Hz,Pasīva,24 mēn,Darbības attālums - līdz 91 m. Iespējams vienlaicīgi pieslēgt 2 ierīces. LED indikators.,199.99,,,,,,,,,,,,,,,,,,,
386,Austiņas,Canyon,TWS-1,Melna,Jā,Iebūvēts,Bluetooth,20 - 20000 Hz,Pasīva,4 h,24 mēn,13.39,,,,,,,,,,,,,,,,,,,
387,Austiņas,GravaStar,Sirius Pro,Oranža,Bluetooth versija,5.2,Jā,Iebūvēts,Jā,Bluetooth,7.2 mm,2.0 (Stereo),12 g,4 h,1.5 h,Vienību skaits iepakojumā,1,24 mēn,132.9,,,,,,,,,,,,
388,Austiņas,Marshall,Minor III,Melna,Jā,Iebūvēts,Nē,Jā,Bluetooth,12 mm,20 - 20000 Hz,32 Ω,93 dB,Stereo,Nē,4 g,Nē,5 h,1.5 h,"Minor III True bezvadu austiņas, uzlādes futrālis, USB-C uzlādes kabelis, lietotāja rokasgrāmata un juridiskā un drošības informācija",24 mēn,Elegants dizains,121.1,,,,,,,,
389,Austiņas,Sony,LinkBuds,LinkBuds,Balta,Jā,Nē,Jā,Bluetooth,20 - 20000 Hz,2.0 (Stereo),34 g,Nē,5.5 h,24 mēn,151.0,,,,,,,,,,,,,,,
390,Austiņas,Sony,-,WH-CH520,Ar galvas stīpu,Zila,Jā,Bluetooth,20 - 20000 Hz,147 g,40 h,3 h,24 mēn,63.0,,,,,,,,,,,,,,,,,
391,Austiņas,Sony,MDR-EX15LP,MDREX15LPB.AE,In-Ear,Melna,Nē,Nē,Nē,3.5 mm,1.2 m,9 mm,8 - 22000 Hz,100 mW,16 Ω,100 dB,2.0 (Stereo),Nē,37 g,24 mēn,Neodīma magnēts. Pret sapīšanos izturīgs vads. Ausu ieliktņi trīs izmēros.,8.29,,,,,,,,,
392,Austiņas,Corsair,HS55,HS55,Ar galvas stīpu,Balta,Jā,1000 - 10000 Hz,Noņemams,Jā,Nē,3.5 mm,1.8 m,50 mm,20 - 20000 Hz,32 Ω,111 dB,Stereo,284 g,Nē,24 mēn,Microphone Impedance: 2.2k Ω,78.34,,,,,,,,
393,Austiņas,HyperX,Cloud Alpha S,4P5L3AA,Ar galvas stīpu,Melna,Jā,10 - 23000 Hz,Jā,Nē,3.5 mm,1 m,50 mm,16 - 48000 Hz,38 dB,Stereo,Aktīva,321 g,Nē,1 x HP HyperX Cloud Alpha S — spēļu austiņas (zilas) 4P5L3AA,24 mēn,85.99,,,,,,,,,
394,Austiņas,Sharkoon,Headset,B2,Ar galvas stīpu,Melna,Jā,100 - 10000 Hz,Noņemams,Jā,Nē,2 x 3.5 mm,2.5 m,50 mm,20 - 20000 Hz,15 mW,32 Ω,98 dB,Aktīva,291 g,Nē,24 mēn,56.07,,,,,,,,
395,Austiņas,Trust,GXT 391 Thian,Ar galvas stīpu,Balta,Jā,Jā,Jā,3.5 mm,1.2 m,40 mm,20 - 20000 Hz,100 dB,213 g,Nē,24 mēn,46.99,,,,,,,,,,,,,,
396,Austiņas,Monster,Persona,Ar galvas stīpu,Melna,Nē,Iebūvēts,Nē,Jā,3.5 mm,20 - 20000 Hz,2.0 (Stereo),Pasīva,30 h,24 mēn,198.0,,,,,,,,,,,,,,,
397,Austiņas,Yealink,Mono Teams,UH34,Ar galvas stīpu,Melna,Jā,100 - 8000 Hz,Izvelkams,Jā,Nē,USB Type A,1.2 m,28 mm,32 Ω,93 dB,82.5 g,24 mēn,Īpaši viegls dizains.,44.9,,,,,,,,,,,
398,Austiņas,Genesis,Neon 200,Ar galvas stīpu,Melna,Jā,Noņemams,Jā,2 x 3.5 mm,1.8 m,20 - 20000 Hz,105 dB,Pasīva,24 mēn,LED apgaismojums,19.11,,,,,,,,,,,,,,,
399,Austiņas,JBL,Tune 215BT,Balta,Jā,Jā,Jā,Bluetooth,20 - 20000 Hz,20 Ω,118 dB,24 mēn,29.0,,,,,,,,,,,,,,,,,,
400,Austiņas,Yealink,BH72 Microsoft Teams,Melna,Jā,100 - 8000 Hz,Izvelkams,Jā,Bluetooth,1 m,20 - 20000 Hz,117 dB,189 g,Nē,40 h,24 mēn,172.0,,,,,,,,,,,,,,
401,Austiņas,Panasonic,RB-M700BE Deep Bass,Ar galvas stīpu,Melna,Jā,Iebūvēts,Bluetooth,20 - 20000 Hz,27 Ω,100 dB,Pasīva,24 mēn,168.9,,,,,,,,,,,,,,,,,
402,Austiņas,Blow,32-778#,Melna,Jā,Jā,Bluetooth,20 - 20000 Hz,24 mēn,7.99,,,,,,,,,,,,,,,,,,,,,
403,Austiņas,Blow,B-12,In-Ear,Melna,Jā,Nē,3.5 mm,1.2 m,13 - 22500 Hz,32 Ω,110 dB,Nē,4 g,24 mēn,Ergonomisks dizains,4.0,,,,,,,,,,,,,,
404,Austiņas,Philips,TAT2236,TAT2236PK,In-Ear,Rozā,Jā,20 - 20000 Hz,Iebūvēts,Jā,Jā,12 mm,20 - 20000 Hz,5 mW,104 Ω,104 dB,"1.0 (Mono), 2.0 (Stereo)",476 g,Nē,18 h,2 h,"- USB kabelis: USB-C kabelis
- Austiņas: 3 izmēri
- Uzlādes korpuss",24 mēn,IPX4 sviedru un ūdensdrošas,27.0,,,,,,
405,Austiņas,Apple,AirPods Pro (2nd Generation),In-Ear,Balta,Jā,Iebūvēts,Nē,Jā,Bluetooth,20 - 20000 Hz,Aktīva,5.3 g,6 h,0.5 h,"AirPods Pro, Magsafe lādīte, silikona ausu uzmavas (XS, S, M, L), Lightning uz USB-C kabelis, dokumentācija",24 mēn,299.0,,,,,,,,,,,,,
406,Austiņas,Razer,Kaira Wireless,Ar galvas stīpu,Melna,Jā,Noņemams,20 - 20000 Hz,32 Ω,108 dB,Pasīva,15 h,24 mēn,102.0,,,,,,,,,,,,,,,,,
407,Austiņas,Steelseries,Gaming Headset,Arctis Prime,Ar galvas stīpu,Melna,Jā,10 - 10000 Hz,Jā,Nē,3.5 mm,40 mm,10 - 40000 Hz,32 Ω,92 dB,24 mēn,106.7,,,,,,,,,,,,,,
408,Austiņas,Trust,GXT 450 Blizz RGB,Ar galvas stīpu,Melna,Jā,Jā,Nē,USB,2 m,20 - 20000 Hz,120 dB,"7.1, Surround Sound",Pasīva,24 mēn,LED apgaismojums. Grozāmas austiņas,31.0,,,,,,,,,,,,,,
409,Austiņas,Tracer,GAMEZONE HYDRA PRO RGB 7.1,On-Ear,Melna,Jā,Izvelkams,Jā,Nē,USB,2 m,50 mm,20 - 20000 Hz,32 Ω,116 dB,7.1,Jā,24 mēn,37.11,,,,,,,,,,,,
410,1 gab.,–,1.0 gab.,1 gab.,–,"56,00 €",1 gab.,–,"56,00 €",Austiņas,Logitech,G335,Ar galvas stīpu,Melna,Jā,100 - 10000 Hz,Izvelkams,Nē,3.5 mm,40 mm,20 - 20000 Hz,36 Ω,87.5 dB,240 g,Nē,24 mēn,Elegants dizains,56.0,,,
411,1 gab.,–,1.0 gab.,1 gab.,–,"45,39 €",1 gab.,–,"45,39 €",Austiņas,Xiaomi,Redmi Buds 4,Redmi Buds 4,In-Ear,Zila,Jā,Iebūvēts,Jā,Bluetooth,20 - 20000 Hz,16 Ω,2.0 (Stereo),Aktīva,46 g,6 h,24 mēn,45.39,,,,
412,Austiņas,JBL,Tune 500,Ar galvas stīpu,Zila,Jā,Jā,Nē,3.5 mm,1.18 m,20 - 20000 Hz,32 Ω,Nē,148 g,24 mēn,JBL Pure Bass tehnoloģija. Salokāma konstrukcija,26.99,,,,,,,,,,,,,,
413,Austiņas,EPOS,Premium,GSP 670,Ar galvas stīpu,Melna,Jā,10 - 7300 Hz,Noņemams,Jā,Bluetooth,1.5 m,10 - 23000 Hz,112 dB,398 g,Nē,20 h,24 mēn,216.9,,,,,,,,,,,,
414,Austiņas,Google,-,Pixel Buds Pro,Balta,Jā,Iebūvēts,Jā,Bluetooth,11 mm,20 - 20000 Hz,Stereo,Aktīva,6.2 g,Nē,31 h,"Pixel Buds Pro, USB, austiņu uzgaļi ar 3 izmēra opcijām: mazi, vidēji (pievienoti austiņām), lieli, ātrā darba sākšanas rokasgrāmata",24 mēn,"Sviedru un ūdens izturīgs: austiņas IPX4, korpuss IPX2",201.9,,,,,,,,,,,
415,Austiņas,HyperX,Cloud MIX,HX-HSCAM-GM,Ar galvas stīpu,Melna,Jā,Noņemams,Jā,Jā,3.5 mm,2 m,40 mm,10 - 40000 Hz,40 Ω,100 dB,275 g,Nē,24 mēn,"Mūsdienīgs, ergonomisks dizains",152.09,,,,,,,,,,
416,Austiņas,Razer,V2,RZ04-03230200-R3M1,Ar galvas stīpu,Melna,Jā,100 - 10000 Hz,Izvelkams,Jā,Nē,3.5 mm,1.8 m,50 mm,12 - 28000 Hz,32 Ω,100 dB,Aktīva,262 g,Jā,24 mēn,"Saderība: Playstation, PC, Nintendo Switch, Xbox
Gaming austiņas - vadu - slēgta apkārtējā skaņa - THX telpiskās skaņas telpiskā skaņa - elastīgs kardioīds mikrofons - 3,5 mm ligzda - saderīgs ar datoru / konsoli + USB skaņas karte",123.99,,,,,,,,
417,Austiņas,Edifier,Cat version,G5BT,Ar galvas stīpu,Melna,Jā,Izvelkams,Jā,Jā,3.5 mm,40 mm,20 - 40000 Hz,32 Ω,38 dB,350 g,Jā,24 mēn,102.9,,,,,,,,,,,,
418,Austiņas,Toshiba,RZE-D160H,Ar galvas stīpu,Sarkana,Nē,Nē,3.5 mm,40 mm,20 - 20000 Hz,Pasīva,160 g,Nē,24 mēn,15.99,,,,,,,,,,,,,,,,
419,Austiņas,Xiaomi,Redmi Buds 3,BHR5174GL,Balta,Jā,Iebūvēts,Nē,Jā,Xiaomi Sound Lab,Aktīva,9 g,Nē,20 h,5 h,24 mēn,36.0,,,,,,,,,,,,,,
420,Austiņas,Philips,TAK4206BL/00 Kids,TAK4206PK,Ar galvas stīpu,Rozā,Jā,Iebūvēts,Jā,Jā,3.5 mm,1.2 m,32 mm,20 - 20000 Hz,10 mW,32 Ω,83 dB,2.0 (Stereo),128 g,28 h,2 h,24 mēn,28.99,,,,,,,,
421,Austiņas,Asus,ROG Cetra True,Balta,Jā,100 - 10000 Hz,Iebūvēts,Jā,Jā,Bluetooth,10 mm,20 - 20000 Hz,32 Ω,Stereo,Aktīva,52 g,27 h,24 mēn,Aizsardzība: IPX4,164.9,,,,,,,,,,,
422,Austiņas,Sony,WH-XB910,WH-XB910NB,Ar galvas stīpu,Melna,Jā,Iebūvēts,Jā,USB-C,40 mm,7 - 25000 Hz,96 dB,Pasīva,30 h,3.5 h,24 mēn,144.02,,,,,,,,,,,,,
423,Austiņas,Philips Fidelio,T1BK/00,Melna,Jā,Iebūvēts,Jā,Bluetooth,10 mm,7 - 40000 Hz,5 mW,16 Ω,103 dB,Stereo,Aktīva,109 g,Nē,13 h,2 h,24 mēn,Ūdensizturība: IPX4,222.0,,,,,,,,,
424,Austiņas,Jabra,Evolve 40 UC,Ar galvas stīpu,Melna,Jā,Jā,Nē,3.5 mm,1.2 m,20 - 20000 Hz,Stereo,Nē,24 mēn,Izcila skaņas kvalitāte,92.21,,,,,,,,,,,,,,,
425,Austiņas,Beats,Studio3 Wireless,Studio3 Wireless,Ar galvas stīpu,Brūna,Jā,Nē,Jā,3.5 mm,35 mm,20 - 20000 Hz,35 Ω,110 dB,Aktīva,260.8 g,22 h,24 mēn,Pure Adaptive Noise Cancelling (ANC) tehnoloģija. Apple W1 čips,334.74,,,,,,,,,,,
426,Austiņas,Philips,TAT3217,TAT3217BK/00,Melna,Jā,Iebūvēts,Nē,Jā,Bluetooth,20 - 20000 Hz,16 Ω,101.5 dB,2.0 (Stereo),51 g,Nē,6 h,2 h,24 mēn,54.99,,,,,,,,,,,
427,Austiņas,Samsung,Galaxy Buds Pro,R190,In-Ear,Balta,Jā,Iebūvēts,Jā,Bluetooth,11 mm,Stereo,Aktīva,44.9 g,5 h,"Austiņas, uzlādes futrālis, austiņas, uzlādes kabelis, īsā lietošanas pamācība",24 mēn,"IPX7 aizsardzības klase, ātrās ielādes funkcija, Bixby balss asistents, 360° audio, sarunas režīms, Papildinformācija Vēl līdz 13 stundām, izmantojot uzlādes futrāli, komplektācijā iekļauts USB-C kabelis",115.84,,,,,,,,,,,,
428,Austiņas,Asus,ROG Cetra,Melna,Jā,Iebūvēts,Jā,Jā,Bluetooth,20 - 20000 Hz,32 Ω,38 dB,2.0 (Stereo),10 g,Nē,24 mēn,130.99,,,,,,,,,,,,,,
429,Austiņas,Jabra,Evolve2 65 Link380a MS,Ar galvas stīpu,Melna,Jā,USB,20 - 20000 Hz,Pasīva,Ergonomisks dizains. Izcila mikrofona kvalitāte,224.0,,,,,,,,,,,,,,,,,,,,
430,Austiņas,JBL,Tune 760NC,760NC,Ar galvas stīpu,Zila,Jā,Iebūvēts,Jā,Jā,3.5 mm,1.2 m,40 mm,20 - 20000 Hz,1 mW,32 Ω,95 dB,2.0 (Stereo),Aktīva,220 g,Nē,35 h,2 h,"Austiņas, USB-C uzlādes kabelis, audio kabelis, ātrā lietošanas pamācība",24 mēn,Vienlaikus var izveidot savienojumu ar divām Bluetooth ierīcēm.,129.99,,,,
431,Austiņas,Sony,MDR-ZX310AP,Ar galvas stīpu,Balta,Jā,Nē,Nē,3.5 mm,1.2 m,30 mm,10 - 24000 Hz,24 Ω,98 dB,Nē,24 mēn,Mīksti ausu spilventiņi. Regulējama galvas stīpa. Lieli 30 mm skaļruņi. Saliekama konstrukcija.,21.29,,,,,,,,,,,,,
432,Austiņas,Genesis,Argon 100,Argon 100,Ar galvas stīpu,Sarkana,Jā,20 - 20000 Hz,Jā,Nē,3.5 mm,1.8 m,40 mm,20 - 20000 Hz,32 Ω,108 dB,2.0 (Stereo),Pasīva,24 mēn,Ērti ausu spilventiņi. Viegla konstrukcija,16.0,,,,,,,,,,
433,Austiņas,Jabra,Pro 925 Mono Dual,Ar galvas stīpu,Melna,Jā,Jā,Jā,20 - 20000 Hz,Nē,24 mēn,Darbības attālums - līdz 100 m. Dokstacija.,309.9,,,,,,,,,,,,,,,,,,
434,Austiņas,Audio-Technica,ATH-SPORT10,Aiz auss,Melna,Nē,Nē,Nē,3.5 mm,8.8 mm,20 - 20000 Hz,17 Ω,105 dB,Pasīva,"Austiņu uzmavas trokšņu slāpēšanai (XS, S, M, L) un parastās austiņu uzmavas (S, M, L)",24 mēn,"Komplektā ietilpst austiņu uzmavas trokšņu slāpēšanai (XS, S, M, L) un parastās austiņu uzmavas (S, M, L)",22.0,,,,,,,,,,,,,
435,Austiņas,Sony,-,WH-CH720,Ar galvas stīpu,Zila,Jā,Jā,Bluetooth,20 - 20000 Hz,35 h,3.5 h,24 mēn,136.78,,,,,,,,,,,,,,,,,
436,Austiņas,Trust,GXT 411,GXT411C,Ar galvas stīpu,Zaļa,Jā,100 - 8000 Hz,Ar klipsi,Jā,Nē,3.5 mm,1 m,40 mm,20 - 20000 Hz,36 Ω,108 dB,2.0 (Stereo),275 g,Nē,24 mēn,"Mūsdienīgs, ergonomisks dizains.",56.99,,,,,,,,
437,Austiņas,Yealink,BH72 Teams,Pelēka,Bluetooth versija,5.2,Jā,100 - 8000 Hz,Izvelkams,Nē,Jā,Bluetooth,35 mm,20 - 20000 Hz,117 dB,189 g,Nē,24 mēn,114.9,,,,,,,,,,,,
438,1 gab.,–,1.0 gab.,1 gab.,–,"50,60 €",1 gab.,–,"50,60 €",Austiņas,Xiaomi,Redmi Buds 3 Pro,Melna,Jā,Iebūvēts,Nē,Jā,Bluetooth,20 - 20000 Hz,32 Ω,2.0 (Stereo),Aktīva,55 g,Nē,6 h,1 h,24 mēn,50.6,,,
439,Austiņas,Plantronics,Poly Voyager Focus 2 UC M,Ar galvas stīpu,Melna,Jā,Izvelkams,Jā,Jā,Bluetooth,20 - 20000 Hz,102 dB,2.0 (Stereo),Aktīva,175 g,Nē,19 h,2 h,24 mēn,"Mūsdienīgs, ergonomisks dizains.",186.0,,,,,,,,,,
440,Austiņas,Jabra,Engage 65 Mono,Ar galvas stīpu,Melna,Jā,Jā,Jā,40 - 16000 Hz,Nē,13 h,1.5 h,24 mēn,DECT tehnoloģija.,307.9,,,,,,,,,,,,,,,,
441,Austiņas,Razer,Kraken V3 HyperSense,Īpaši datorspēlēm,Melna,Jā,100 - 10000 Hz,Izvelkams,Jā,Nē,USB Type A,2 m,50 mm,20 - 20000 Hz,32 Ω,96 dB,Pasīva,344 g,Jā,24 mēn,139.99,,,,,,,,,,
442,Austiņas,Yealink,BH72 Lite Teams Black USB-C,Melna,Jā,Nē,Jā,20 - 20000 Hz,117 dB,Stereo,Nē,Skaļruņu skaits,2,185 g,Nē,Vienību skaits iepakojumā,1,24 mēn,187.9,,,,,,,,,,,,
443,Austiņas,JBL,JR310BT Kids,Ar galvas stīpu,Zila,Jā,Iebūvēts,Jā,Bluetooth,20 - 20000 Hz,32 Ω,90 dB,Pasīva,115 g,30 h,24 mēn,36.0,,,,,,,,,,,,,,
444,Austiņas,Apple,AirPods Gen 2,Balta,Jā,Iebūvēts,Nē,Jā,20 - 20000 Hz,32 Ω,2.0 (Stereo),Nē,4 g,5 h,0.33 h,Austiņas. Pārnēsajams lādētājs ar vadu,24 mēn,Akumulatora darbības laiks - līdz 5 stundām. Pārnēsājamais lādētājs pagarina darbības laiku par 24 stundām. Balss komandas.,139.0,,,,,,,,,,,,
445,1 gab.,–,1.0 gab.,1 gab.,–,"12,99 €",1 gab.,–,"12,99 €",Austiņas,Blow,BTE200,Melna,Jā,Iebūvēts,Jā,Bluetooth,20 - 20000 Hz,32 Ω,90 dB,Stereo,Pasīva,24 mēn,12.99,,,,,,,
446,Austiņas,Razer,Barracuda Pro,Ar galvas stīpu,Melna,Jā,100 - 10000 Hz,Iebūvēts,Jā,Bluetooth,50 mm,20 - 20000 Hz,32 Ω,96 dB,Aktīva,340 g,Nē,40 h,24 mēn,Ergonomisks dizains,304.88,,,,,,,,,,
447,Austiņas,JBL,JR310BT Kids,Ar galvas stīpu,Zaļa,Jā,Iebūvēts,Jā,Bluetooth,20 - 20000 Hz,32 Ω,90 dB,Pasīva,115 g,30 h,24 mēn,38.0,,,,,,,,,,,,,,
448,Austiņas,JBL,T110,In-Ear,Balta,Jā,Jā,Nē,3.5 mm,1.5 m,9 mm,20 - 20000 Hz,30 mW,16 Ω,112 dB,13 g,"Austiņas, 2 dažādu izmēru ausu aizbāžņu pāri",24 mēn,JBL Pure Bass tehnoloģija. Izturīgs vads.,9.99,,,,,,,,,,,
449,Austiņas,Plantronics,Voyager 4220 UC,Ar galvas stīpu,Pelēka,Jā,100 - 6800 Hz,Jā,Jā,Bluetooth,20 - 20000 Hz,2.0 (Stereo),Nē,600 g,Nē,15 h,1.5 h,24 mēn,164.45,,,,,,,,,,,,
450,Austiņas,Kingston,HyperX Cloud Orbit S,Ar galvas stīpu,Melna,Jā,Noņemams,3.5 mm,3 m,50 mm,10 - 50000 Hz,120 dB,Pasīva,368 g,10 h,24 mēn,Akumulatora darbības laiks - līdz 10 stundām (3.5mm AUX). Izcila skaņas kvalitāte. Waves Nx™ 3D Audio. Waves Nx™ galvas izsekošanas tehnoloģija,276.9,,,,,,,,,,,,,
451,Austiņas,Beyerdynamic,Amiron,Ar galvas stīpu,Melna,Nē,Jā,Jā,3.5 mm,5 - 40000 Hz,32 Ω,100 dB,Pasīva,30 h,24 mēn,Augstākās kvalitātes materiāli. Neticami ērts dizains,702.0,,,,,,,,,,,,,,
452,Austiņas,Samsung,Galaxy Buds2 Pro,SM-R510NLVAEUE,In-Ear,Grafīta,Jā,Iebūvēts,Nē,Jā,Bluetooth,20 - 20000 Hz,2.0 (Stereo),Aktīva,10 h,24 mēn,152.78,,,,,,,,,,,,,,
453,Austiņas,Razer,Kaira Pro For Xbox,Kaira Pro Wireless,Ar galvas stīpu,Melna,Jā,100 - 10000 Hz,Noņemams,Jā,50 mm,20 - 20000 Hz,32 Ω,108 dB,2.0 (Stereo),Pasīva,330 g,Jā,20 h,24 mēn,"Piemērots: Gaming, PC, Xbox One, Xbox Series X|S. Bluetooth 5.0",150.84,,,,,,,,,
454,Austiņas,Panasonic,RZ-B100WDE,Balta,Jā,Iebūvēts,Jā,13 mm,20 Hz,Nē,5 g,16 h,2 h,24 mēn,57.87,,,,,,,,,,,,,,,,
455,Austiņas,Sony,MDR-EX15LP,In-Ear,Rozā,Nē,Nē,Nē,3.5 mm,1.2 m,9 mm,8 - 22000 Hz,100 mW,16 Ω,100 dB,2.0 (Stereo),Nē,37 g,24 mēn,Neodīma magnēts. Pret sapīšanos izturīgs vads. Ausu ieliktņi trīs izmēros.,8.49,,,,,,,,,,
456,Austiņas,Corsair,Virtuoso RGB,Virtuoso RGB,Ar galvas stīpu,Melna,Jā,100 - 10000 Hz,Noņemams,Jā,Jā,3.5 mm,1.5 m,50 mm,20 - 40000 Hz,32 Ω,109 dB,Pasīva,20 h,24 mēn,LED apgaismojums (iCUE),193.99,,,,,,,,,
457,Austiņas,Plantronics,Savi W8210-M,Ar galvas stīpu,Melna,Jā,100 - 6800 Hz,32 Ω,118 dB,266.42,,,,,,,,,,,,,,,,,,,,,
458,Austiņas,Yealink,BH72 UC with Charging Stand,Ar galvas stīpu,Melna,Jā,Izvelkams,Jā,Bluetooth,35 mm,20 - 20000 Hz,117 dB,189 g,Nē,40 h,2.5 h,24 mēn,176.9,,,,,,,,,,,,,
459,Austiņas,Razer,Kraken,Quartz,Ar galvas stīpu,Zila,Jā,100 - 10000 Hz,Izvelkams,Jā,Nē,3.5 mm,1.3 m,50 mm,12 - 28000 Hz,30 mW,32 Ω,109 dB,Pasīva,24 mēn,Ērti ausu spilventiņi. Izcila skaņas kvalitāte,59.0,,,,,,,,,
460,Austiņas,Logitech,G733,G733,Ar galvas stīpu,Balta,Jā,Jā,USB,20 - 20000 Hz,39 Ω,87 dB,Pasīva,29 h,24 mēn,Akumulatora darbības laiks - līdz 29 stundām (bez apgaismojuma),145.0,,,,,,,,,,,,,,
461,Austiņas,Panasonic,RP-HF100E-K,Ar galvas stīpu,Melna,Nē,Nē,3.5 mm,1.2 m,30 mm,10 - 23000 Hz,1000 mW,26 Ω,103 dB,Pasīva,137 g,24 mēn,Ergonomisks galvas stīpas dizains. Viegli pārnēsājamas pateicoties saliekamajam dizainam.,13.59,,,,,,,,,,,,
462,Austiņas,Nura,NuraLoop,Aiz auss,Melna,Jā,Iebūvēts,Jā,Jā,3.5 mm,0.394 m,8.6 mm,20 - 20000 Hz,108 dB,Aktīva,25 g,16 h,2 h,24 mēn,190.0,,,,,,,,,,,
463,Austiņas,Sony,WF-LS900N,WF-LS900N,In-Ear,Zelta,Jā,Bluetooth,20 - 20000 Hz,35 g,9 h,2 h,24 mēn,179.99,,,,,,,,,,,,,,,,,
464,Austiņas,Huawei,FreeBuds Pro 2,Balta,Jā,Iebūvēts,Jā,Jā,14 - 40000 Hz,Aktīva,52 g,Nē,6.5 h,1 h,24 mēn,149.0,,,,,,,,,,,,,,,
465,1 gab.,–,1.0 gab.,1 gab.,–,"55,00 €",1 gab.,–,"55,00 €",Austiņas,Razer,Kraken X,Ar galvas stīpu,Zila,Jā,100 - 10000 Hz,Jā,Nē,3.5 mm,1.3 m,40 mm,12 - 28000 Hz,32 Ω,109 dB,"7.1, Surround Sound",Pasīva,250 g,24 mēn,Skaļuma regulators uz austiņas,55.0,
466,Austiņas,Steelseries,Arctis 1,Ar galvas stīpu,Melna,Jā,Iebūvēts,Jā,3.5 mm,20 - 20000 Hz,32 Ω,98 dB,Pasīva,20 h,24 mēn,Akumulatora darbības laiks - līdz 20 stundām. Izcila skaņas un konstrukcijas kvalitāte,94.49,,,,,,,,,,,,,,
467,Austiņas,Sennheiser,HD 450 BT WHITE,Ar galvas stīpu,Balta,Jā,80 - 6000 Hz,Iebūvēts,Jā,Jā,USB-C,1.5 m,18 - 22000 Hz,Aktīva,238 g,30 h,2 h,24 mēn,134.0,,,,,,,,,,,,
468,Austiņas,HyperX,Cloud Core Wireless,Ar galvas stīpu,Melna,Jā,20 - 6800 Hz,Noņemams,Jā,Jā,USB,0.5 m,10 - 21000 Hz,60 Ω,99 dB,2.0 (Stereo),283 g,Nē,20 h,3 h,24 mēn,89.33,,,,,,,,,
469,Austiņas,JBL,Tune,Melna,Jā,Iebūvēts,Jā,Jā,Bluetooth,12 mm,20 - 20000 Hz,32 Ω,110 dB,Aktīva,9.6 g,Jā,32 h,2 h,"Austiņas, uzlādes maciņš, vads, rezerves silikona uzgaļi",24 mēn,Aizsardzība: IPX4. Uzlādes maciņa svars: 38.6 g.,75.99,,,,,,,,,
470,Austiņas,HyperX,HX-HSCF-BK/EM,Ar galvas stīpu,Melna,Jā,20 - 20000 Hz,315 g,24 mēn,109.99,,,,,,,,,,,,,,,,,,,,,
471,Austiņas,Steelseries,Arctis Nova,7,Ar galvas stīpu,Melna,Jā,100 - 6500 Hz,Jā,Jā,Bluetooth,40 mm,20 - 22000 Hz,36 Ω,93 dB,Aktīva,325 g,38 h,0.25 h,"Arctis Nova 7 bezvadu austiņas; Kompakts USB-C bezvadu sargspraudnis; USB-C uz USB-A dongle pagarinātāja kabelis (1,5 m); USB-C uz USB-A kabelis (1,5 m); 3,5 mm līdz 3,5 mm audio kabelis - 5 polu līdz 4 polu (1,2 m); 2x noņemamas magnētiskās ausu plāksnes",24 mēn,166.94,,,,,,,,,
472,Austiņas,Sony,WH-1000XM4,Ar galvas stīpu,Zila,Jā,4 - 40000 Hz,Iebūvēts,Jā,Jā,1.2 m,40 mm,20 - 20000 Hz,105 dB,Aktīva,254 g,Nē,38 h,3 h,"Austiņas, uzglabāšanas soma, uzlādes ierīce",24 mēn,30 stundas. Vai akumulators ir tukšs? Pēc 10 minūšu uzlādes jūs varat turpināt vēl 5 stundas!,349.0,,,,,,,,
473,Austiņas,Beyerdynamic,DT 1770 PRO,Ar galvas stīpu,Melna,Nē,Jā,Nē,6.3 mm,5 - 40000 Hz,250 Ω,102 dB,Nē,388 g,24 mēn,Ērti ausu spilventiņi. 2 dažādi ausu spilventiņi,490.36,,,,,,,,,,,,,,
474,Austiņas,Tribit,FlyBuds C1 Pro,BTHA2,Bēša,Bluetooth versija,5.0,Jā,Iebūvēts,Jā,Bluetooth,10 mm,20 - 20000 Hz,Nē,8 h,2 h,24 mēn,78.9,,,,,,,,,,,,,
475,Austiņas,JBL,Tune 290,In-Ear,Melna,Jā,Jā,Nē,3.5 mm,1.5 m,8.7 mm,20 - 20000 Hz,100 mW,32 Ω,107 dB,14 g,24 mēn,Alumīnija korpuss. Augsta skaņas kvalitāte.,25.0,,,,,,,,,,,,
476,Austiņas,Corsair,VOID RGB Elite,VOID ELITE,Ar galvas stīpu,Balta,Jā,100 - 10000 Hz,Jā,Jā,50 mm,20 - 30000 Hz,32 Ω,116 dB,"7.1, Surround Sound",Pasīva,16 h,24 mēn,LED apgaismojums,131.55,,,,,,,,,,,
477,Austiņas,Monster,iSport Champion,Melna,Jā,Iebūvēts,Jā,Bluetooth,20 - 20000 Hz,Nē,6 h,24 mēn,149.0,,,,,,,,,,,,,,,,,,
478,Austiņas,Urbanista,Copenhagen,Dusty,Rozā,Jā,Iebūvēts,Nē,Jā,Bluetooth,12 mm,20 - 20000 Hz,32 Ω,115 dB,Stereo,Nē,32 h,24 mēn,108.0,,,,,,,,,,,,
479,Austiņas,Razer,BlackShark V2 X,V2 X,Ar galvas stīpu,Zaļa,Jā,100 - 10000 Hz,Izvelkams,Jā,Nē,3.5 mm,1.3 m,50 mm,12 - 28000 Hz,32 Ω,100 dB,Surround Sound,Pasīva,240 g,Nē,24 mēn,Razer™ TriForce skaļruņi. Razer™ HyperClear mikrofons. Izcila skaņas kvalitāte. Ērti ausu spilventiņi,69.0,,,,,,,
480,Austiņas,Steelseries,Arctis 9,Ar galvas stīpu,Melna,Jā,Iebūvēts,USB,20 - 20000 Hz,32 Ω,98 dB,Pasīva,20 h,24 mēn,157.95,,,,,,,,,,,,,,,,
481,Austiņas,JBL,Tune 290,In-Ear,Pelēka,Jā,Jā,Nē,3.5 mm,1.5 m,8.7 mm,20 - 20000 Hz,100 mW,32 Ω,107 dB,14 g,24 mēn,Alumīnija korpuss. Augsta skaņas kvalitāte.,20.74,,,,,,,,,,,,
482,Austiņas,Jabra,Elite 5,Melna,Jā,Bluetooth,20 - 20000 Hz,28 h,3 h,24 mēn,129.0,,,,,,,,,,,,,,,,,,,,
483,Austiņas,Apple,AirPods Max,Ar galvas stīpu,Pelēka,Jā,Iebūvēts,Jā,Jā,Bluetooth,20 - 20000 Hz,Aktīva,20 h,24 mēn,599.99,,,,,,,,,,,,,,,,
484,Austiņas,Philips,TAT2236,TAT2236GR/00,In-Ear,Dzeltena,Jā,20 - 20000 Hz,Iebūvēts,Jā,Jā,12 mm,20 - 20000 Hz,5 mW,104 Ω,104 dB,"1.0 (Mono), 2.0 (Stereo)",476 g,Nē,18 h,2 h,"- USB kabelis: USB-C kabelis
- Austiņas: 3 izmēri
- Uzlādes korpuss",24 mēn,IPX4 sviedru un ūdensdrošas,27.0,,,,,,
485,Austiņas,Philips,TAE1105,TAE1105BK/00,In-Ear,Melna,Jā,Iebūvēts,Jā,Nē,3.5 mm,1.2 m,8.6 mm,20 - 20000 Hz,10 mW,16 Ω,102 dB,2.0 (Stereo),Pasīva,39 g,24 mēn,Ergonomisks dizains,8.99,,,,,,,,
486,Austiņas,Sony,WI-C100,WI-C100,In-Ear,Balta,Jā,Jā,Bluetooth,20 - 20000 Hz,15 h,3 h,24 mēn,39.0,,,,,,,,,,,,,,,,,
487,Austiņas,Logitech,Zone UC,Melna,Jā,85 - 20000 Hz,Jā,Jā,40 mm,30 - 10000 Hz,100 dB,Stereo,Nē,Skaļruņu skaits,2,180 g,Nē,Vienību skaits iepakojumā,1,24 mēn,253.9,,,,,,,,,,
488,Austiņas,UGO,USL-1637,Melna,Jā,Iebūvēts,Nē,Jā,Bluetooth,20 - 20000 Hz,16 Ω,90 dB,Pasīva,4 h,2 h,24 mēn,16.69,,,,,,,,,,,,,,
489,Austiņas,Sony,MDR,MDRRF855RK.EU8,Ar galvas stīpu,Melna,Nē,Jā,Jā,40 mm,10 - 22000 Hz,32 Ω,93 dB,Nē,285 g,24 mēn,Ērta uzlādēšana uz dokstacijas. Spēcīgi basi. Iebūvēts skaļuma regulators. Regulējama galvas stīpa. Mīksti ausu spilventiņi.,80.69,,,,,,,,,,,,,
490,Austiņas,HyperX,Cloud Stinger,HX-HSCS-BK/EM,Ar galvas stīpu,Melna,Jā,Izvelkams,Jā,Nē,3.5 mm,1.3 m,50 mm,18 - 23000 Hz,30 Ω,102 dB,275 g,Nē,24 mēn,59.99,,,,,,,,,,,
491,Austiņas,Jabra,Elite 3,Tumši zila,Jā,Bluetooth,20 - 20000 Hz,28 h,3.5 h,24 mēn,71.8,,,,,,,,,,,,,,,,,,,,
492,Austiņas,Jabra,Elite 7,Melna,Jā,Bluetooth,20 - 20000 Hz,30 h,2.5 h,24 mēn,153.96,,,,,,,,,,,,,,,,,,,,
493,Austiņas,JBL,Tune 760NC,Bēša,Jā,Iebūvēts,Jā,Bluetooth,40 mm,20 - 20000 Hz,32 Ω,95 dB,Aktīva,220 g,50 h,24 mēn,139.9,,,,,,,,,,,,,,
494,Austiņas,Panasonic,RB-HF420BE,Ar galvas stīpu,Balta,Jā,Iebūvēts,Jā,Jā,30 mm,20 - 20000 Hz,Stereo,Nē,155 g,50 h,3 h,24 mēn,27.99,,,,,,,,,,,,,
495,Austiņas,Poly,Voyager,5200 Office - 2-Way,Melna,Jā,100 - 6800 Hz,Izvelkams,Jā,Jā,Bluetooth,13.6 mm,100 - 20000 Hz,16 Ω,118 dB,20 g,Nē,7 h,1.5 h,24 mēn,309.9,,,,,,,,,,
496,Austiņas,EPOS,Adapt 660,Ar galvas stīpu,Melna,Jā,Iebūvēts,Bluetooth,20 - 20000 Hz,Aktīva,24 mēn,373.0,,,,,,,,,,,,,,,,,,,
497,Austiņas,Xiaomi,Mi True Wireless Earbuds,Melna,Jā,Iebūvēts,Jā,Bluetooth,20 - 20000 Hz,"Austiņas, lādīte",24 mēn,21.99,,,,,,,,,,,,,,,,,,,
498,Austiņas,HyperX,4P5H6AA,Ar galvas stīpu,Melna,Jā,100 - 7000 Hz,Izvelkams,Jā,Jā,Bluetooth,20 - 20000 Hz,32 Ω,106 dB,2.0 (Stereo),Nē,323 g,Jā,24 mēn,"Mūsdienīgs, ergonomisks dizains.",131.9,,,,,,,,,,
499,1 gab.,–,1.0 gab.,1 gab.,–,"67,80 €",1 gab.,–,"67,80 €",Austiņas,Razer,BlackShark V2 X,On-Ear,Melna,Jā,100 - 10000 Hz,Izvelkams,Jā,Nē,3.5 mm,1.3 m,50 mm,12 - 28000 Hz,32 Ω,100 dB,240 g,Nē,24 mēn,67.8,,
500,Austiņas,Sony,-,WF-C700N,Zaļa,Nē,Jā,Bluetooth,5 mm,20 - 20000 Hz,40.2 g,10 h,1.5 h,24 mēn,119.39,,,,,,,,,,,,,,,,
501,Austiņas,Buxton,BHP 8600,Ar galvas stīpu,Melna,Nē,Nē,3.5 mm,1.2 m,20 - 20000 Hz,32 Ω,105 dB,Nē,Nē,24 mēn,13.3,,,,,,,,,,,,,,,
502,Austiņas,Philips,TAK4206BL/00 Kids,TAK4206BL,Ar galvas stīpu,Zila,Jā,Iebūvēts,Jā,Jā,3.5 mm,1.2 m,32 mm,20 - 20000 Hz,10 mW,32 Ω,83 dB,2.0 (Stereo),128 g,28 h,2 h,24 mēn,29.99,,,,,,,,
503,Austiņas,Razer,Kraken Ultimate,Ar galvas stīpu,Melna,Jā,100 - 10000 Hz,Jā,Nē,USB,2 m,50 mm,20 - 20000 Hz,32 Ω,112 dB,Pasīva,390 g,24 mēn,Skaļuma regulators uz austiņas,118.48,,,,,,,,,,,
504,Austiņas,Jabra,Evolve 65 SE,On-Ear,Melna,Jā,Izvelkams,Jā,Bluetooth,282 g,12 h,2 h,24 mēn,189.9,,,,,,,,,,,,,,,,,
505,Austiņas,Beyerdynamic,DT 240 PRO Studio,Ar galvas stīpu,Melna,Nē,Nē,3.5 mm,3 m,5 - 35000 Hz,34 Ω,99 dB,Pasīva,196 g,24 mēn,196 g,105.0,,,,,,,,,,,,,,
506,Austiņas,Bose,QuietComfort 45,Ar galvas stīpu,Melna,Bluetooth versija,5.1,Jā,Iebūvēts,USB Type C,Aktīva,0.24 g,Nē,24 h,2.5 h,24 mēn,299.0,,,,,,,,,,,,,,
507,Austiņas,Monster,DNA FIT,Melna,Jā,Iebūvēts,Jā,Bluetooth,20 - 20000 Hz,24 h,2 h,24 mēn,196.0,,,,,,,,,,,,,,,,,,
508,Austiņas,Trust,GXT 323,Ar galvas stīpu,Zaļa,Jā,150 - 16000 Hz,Izvelkams,Jā,Nē,3.5 mm,1.2 m,20 - 20000 Hz,32 Ω,2.0 (Stereo),Nē,354 g,Nē,24 mēn,25.79,,,,,,,,,,,
509,Austiņas,Somostel,SMS-CK07,Ar galvas stīpu,Melna,Bluetooth versija,5.0,Jā,Iebūvēts,Jā,Bluetooth,40 mm,20 - 20000 Hz,32 Ω,85 dB,4 h,2 h,24 mēn,13.0,,,,,,,,,,,,
510,Austiņas,Monster,Clarity 8.0 ANC,Tumši zila,Jā,Iebūvēts,Jā,Bluetooth,19 mm,20 - 20000 Hz,2.0 (Stereo),Aktīva,10 h,24 mēn,125.0,,,,,,,,,,,,,,,,
511,Austiņas,Yealink,BH72 UC,Ar galvas stīpu,Melna,Jā,100 - 8000 Hz,Izvelkams,Jā,Jā,Bluetooth,35 mm,20 - 20000 Hz,50 mW,1177 dB,189 g,40 h,2 h,24 mēn,Darbības diapazons: 30 m.,183.0,,,,,,,,,,
512,Austiņas,Philips,TAE8005BK/10,Melna,Nē,Jā,3.5 mm,20 - 20000 Hz,20 mW,16 Ω,127 dB,Nē,12 h,2.5 h,24 mēn,Akumulatora darbības laiks gaidīšanas režīmā līdz 7000 stundām,150.9,,,,,,,,,,,,,,
513,Austiņas,Bang & Olufsen,Beoplay,Portal Navy,Ar galvas stīpu,Zila,Jā,Iebūvēts,Jā,40 mm,20 - 20000 Hz,24 Ω,95 dB,Aktīva,282 g,24 mēn,392.0,,,,,,,,,,,,,,
514,Austiņas,Genesis,Radon 720,Ar galvas stīpu,Melna,Jā,20 - 16000 Hz,Jā,Nē,USB,2 m,50 mm,20 - 20000 Hz,32 Ω,98 dB,"7.1, Virtual Surround",Pasīva,380 g,24 mēn,LED apgaismojums. Ērti ausu spilventiņi.,45.99,,,,,,,,,,
515,Austiņas,Philips,TAT2236,TAT2236BK/00,In-Ear,Melna,Jā,20 - 20000 Hz,Iebūvēts,Jā,Jā,12 mm,20 - 20000 Hz,5 mW,104 Ω,104 dB,"1.0 (Mono), 2.0 (Stereo)",476 g,Nē,18 h,2 h,"- USB kabelis: USB-C kabelis
- Austiņas: 3 izmēri
- Uzlādes korpuss",24 mēn,IPX4 sviedru un ūdensdrošas,26.99,,,,,,
516,Austiņas,HP,HyperX Cloud II,HyperX Cloud II,Ar galvas stīpu,Melna,Jā,Izvelkams,Jā,Nē,3.5 mm,2 m,53 mm,15 - 25000 Hz,60 Ω,98 dB,"7.1, Surround Sound",Pasīva,24 mēn,Iebūvēta DSP skaņas karte. Mīksti ausu spilventiņi (Memory Foam).,76.5,,,,,,,,,,
517,Austiņas,Yealink,BH72 Microsoft Teams with Charging Stand,Ar galvas stīpu,Pelēka,Jā,100 - 8000 Hz,Izvelkams,Jā,Bluetooth,35 mm,20 - 20000 Hz,50 mW,117 dB,40 h,1.5 h,24 mēn,Darbības rādiuss: 30 m.,176.9,,,,,,,,,,,,
518,Austiņas,Logitech,G332,Ar galvas stīpu,Melna,Jā,Jā,3.5 mm,2 m,50 mm,20 - 20000 Hz,39 Ω,107 dB,Pasīva,24 mēn,Ērti ausu spilventiņi. Saderīgs ar visām platformām,55.0,,,,,,,,,,,,,,
519,Austiņas,Forever,TWE-210,Melna,Jā,Iebūvēts,Jā,Bluetooth,20 - 20000 Hz,32 Ω,9 h,2 h,24 mēn,Darbības diapazons: 10 m.,29.0,,,,,,,,,,,,,,,,
520,Austiņas,Jabra,Evolve 65 Mono,Ar galvas stīpu,Melna,Jā,Jā,20 - 20000 Hz,Pasīva,79 g,24 mēn,Easy Call funkcija. Darbības diapazons: līdz 30 m. Tap-to-Connect tehnolģija. Uzlādes stacija,256.9,,,,,,,,,,,,,,,,,,
521,Austiņas,Poly,Voyager 4320 MS,On-Ear,Melna,Jā,Jā,Jā,70 mm,20 - 20000 Hz,Nē,Skaļruņu skaits,1,Nē,Vienību skaits iepakojumā,1,24 mēn,178.9,,,,,,,,,,,,,
522,Austiņas,Yealink,WH66 Dual Microsoft Teams DECT,Melna,Jā,Izvelkams,Jā,1 m,13 h,2.5 h,24 mēn,282.9,,,,,,,,,,,,,,,,,,,
523,Austiņas,Remax,RB-T1,RB-T1,Balta,Jā,Iebūvēts,Jā,Bluetooth,20 - 20000 Hz,10 mW,16 Ω,92 dB,5.6 g,Nē,3 h,1.5 h,"Austiņas, USB/micro USB kabelis, lietošanas instrukcija.",24 mēn,6.79,,,,,,,,,,,
524,Austiņas,HP,500 BT,Ar galvas stīpu,Melna,Jā,Jā,Bluetooth,20 - 20000 Hz,2.0 (Stereo),220 g,Nē,20 h,24 mēn,49.0,,,,,,,,,,,,,,,,
525,Austiņas,Forever,BTH-700,Ar galvas stīpu,Melna,Jā,Iebūvēts,Jā,Bluetooth,40 mm,20 - 20000 Hz,110 dB,Nē,11 h,1.5 h,24 mēn,Akumulatora ietilpība: 400 mAh.,51.0,,,,,,,,,,,,,
526,Austiņas,HyperX,Cloud PS5,On-Ear,Melna,Jā,50 - 18000 Hz,Noņemams,Jā,Nē,3.5 mm,1.3 m,53 mm,15 - 25000 Hz,41 Ω,98 dB,Aktīva,24 mēn,59.0,,,,,,,,,,,,
527,Austiņas,JBL,JR 460 NC,JR 460NC,Balta,Jā,Iebūvēts,Jā,Jā,3.5 mm,0.2 m,20 - 20000 Hz,32 Ω,92 dB,Aktīva,200 g,Nē,20 h,2 h,24 mēn,Bluetooth versija 5.0,79.99,,,,,,,,,
