Nr,Value 1,Value 2,Value 3,Value 4,Value 5,Value 6,Value 7,Value 8,Value 9,Value 10,Value 11,Value 12,Value 13,Value 14,Value 15,Value 16,Value 17,Value 18,Value 19
1,Datoram,Pilnībā aizsedzošās ausis,Ap galvu,Rozā,20 - 20000 Hz,32 Ω,102 dB,Nav,Vadu,USB,Ir,Ir,"2,2",RGB apgaismojums,2 gadi,1 gads,14.99 €,,
2,Standarta,Ieliekamās,Stiprinājums ausīs,Nav,Melna,20 - 20000 Hz,16 Ω,"125,9 dB",Nav,Patiesi bezvadu (True Wireless),Bluetooth (bezvadu),Ir,Nav,Nav,IPX4,2 gadi,1 gads,24.99 €,
3,Standarta,Ieliekamās,Stiprinājums ausīs,Nav,Pelēka,Nav informācijas,Nav informācijas Ω,Nav informācijas dB,Ir (pasīvā),Patiesi bezvadu (True Wireless),Bluetooth (bezvadu),Ir,Nav,IP55,2 gadi,1 gads,44.99 €,,
4,Standarta,Ieliekamās,Stiprinājums ausīs,Nav,Bēša,20 - 20000 Hz,Nav informācijas Ω,Nav informācijas dB,Ir (aktīvā),Patiesi bezvadu (True Wireless),Bluetooth (bezvadu),Ir,Nav informācijas,Nav,IP57,2 gadi,1 gads,99.99 €,
5,Standarta,Pilnībā aizsedzošās ausis,Ap galvu,Balta,200 - 20000 Hz,32 Ω,100 dB,Nav informācijas,Patiesi bezvadu (True Wireless),Bluetooth (bezvadu),Nav informācijas,Ir,2 gadi,1 gads,149.99 €,,,,
6,Datoram,Pilnībā aizsedzošās ausis,Ap galvu,Nav,Melna,10 – 21000 Hz,64 Ω,111 dB,Nav,Bezvadu,Radio kanāls (bezvadu),Ir,Ir,Nav,Darbības rādiuss līdz 20 m,2 gadi,1 gads,129.99 €,
7,Standarta,Pilnībā aizsedzošās ausis,Ap galvu,Nav,Zila / Zaļa,20 - 20000 Hz,32 Ω,93 dB,Ir (aktīvā),Bezvadu,"Bluetooth (bezvadu) + 3,5 mm (ar vadu)",Ir,Nav,Nav informācijas,Viegla svara dizains,2 gadi,1 gads,PDF,71.99 €
8,Standarta,Ieliekamās,Stiprinājums ausīs,Ir,Melna,20 - 20000 Hz,16 Ω,90 dB,Nav,Vadu,"3,5 mm",Ir,Nav,"1,2",Neodīma magnēti,2 gadi,1 gads,2.49 €,
9,Datoram,Pilnībā aizsedzošās ausis,Ap galvu,Nav,Melna / Balta,20 - 20000 Hz,32 Ω,108 dB,Nav informācijas,Bezvadu,Bluetooth 5.2,Ir,Ir,Baterijas darbības laiks: līdz 30 h,2 gadi,1 gads,79.99 €,,
10,Standarta,Ieliekamās,Stiprinājums ausīs,Ir,Melna,20 - 20000 Hz,16 Ω,99 dB,Nav,Vadu,"3,5 mm",Ir,Nav,Nav informācijas,Nav,2 gadi,1 gads,2.49 €,
11,Datoram,Pilnībā aizsedzošās ausis,Ap galvu,Balta,12 - 28000 Hz,32 Ω,100 dB,Ir (pasīvā),Vadu,"3,5 mm",Ir,"1,3",2 gadi,1 gads,70.88 €,,,,
12,Standarta,Ieliekamās,Stiprinājums ausīs,Nav,Violeta,Nav informācijas,Nav informācijas Ω,Nav informācijas dB,Ir (pasīvā),Patiesi bezvadu (True Wireless),Bluetooth (bezvadu),Ir,Nav,IP55,2 gadi,1 gads,44.99 €,,
13,Datoram,Pilnībā aizsedzošās ausis,Ap galvu,Nav,Violeta,20 - 20000 Hz,39 Ω,"87,5 dB",Nav,Bezvadu,USB (bezvadu),Ir,Ir,Nav,LED apgaismojums,2 gadi,1 gads,149.00 €,
14,Standarta,Ieliekamās,Stiprinājums ausīs,Nav,Balta,Nav,Vadu,"3,5 mm",Ir,Nav,"1,2",Atbildēšana uz telefona zvanu,2 gadi,1 gads,4.99 €,,,,
15,Datoram,Pilnībā aizsedzošās ausis,Ap galvu,Sarkana,20 - 20000 Hz,32 Ω,96 dB,Nav,Vadu,"3,5 mm",Ir,"1,3",2 gadi,1 gads,69.99 €,,,,
16,Standarta,Ieliekamās,Stiprinājums ausīs,Ir,Melna,20 - 20000 Hz,16 Ω,102 dB,Nav,Vadu,"3,5 mm",Nav,Nav,"1,2",Neodīma magnēti,2 gadi,1 gads,6.99 €,
17,Standarta,Ieliekamās,Stiprinājums ausīs,Zaļa,14 - 48000 Hz,Nav informācijas Ω,Ir (aktīvā),Patiesi bezvadu (True Wireless),Bluetooth (bezvadu),Ir,Baterijas darbības laiks: līdz 31 h,2 gadi,1 gads,179.00 €,,,,,
18,Standarta,Pilnībā aizsedzošās ausis,Ap galvu,Ir,Zaļa,20 - 20000 Hz,32 Ω,80 dB,Nav,Bezvadu,Bluetooth (bezvadu),Ir,Ir,Nav,2 gadi,1 gads,PDF,39.99 €,
19,Standarta,Pilnībā aizsedzošās ausis,Ap galvu,Ir,Zila,20 - 20000 Hz,30 Ω,102 dB,Nav informācijas,Bezvadu,Bluetooth (bezvadu),Ir,Ir,Nav,Balss vadība,2 gadi,1 gads,41.99 €,
20,Standarta,Pilnībā aizsedzošās ausis,Ap galvu,Ir,Violeta,50 - 20000 Hz,16 Ω,Nav informācijas dB,Bezvadu,"Bluetooth (bezvadu) + 3,5 mm (ar vadu)",Ir,Ir,Nav informācijas,RGB apgaismojums,2 gadi,1 gads,20.99 €,,
21,Standarta,Uzliekamās,Ap galvu,Ir,Zila,20 - 20000 Hz,16 Ω,115 dB,Ir,Bezvadu,"Bluetooth (bezvadu) + 3,5 mm (ar vadu)",Ir,Nav informācijas,Nav informācijas,Baterijas darbības laiks: līdz 4 h,2 gadi,1 gads,89.99 €,
22,Standarta,Ieliekamās,Stiprinājums ausīs,Ir,Melna,20 - 20000 Hz,36 Ω,105 dB,Nav,Vadu,"3,5 mm",Nav,Nav,"1,25",Nav,2 gadi,1 gads,2.49 €,
23,Standarta,Ieliekamās,Stiprinājums ausīs,Ir,Balta,20 - 20000 Hz,Nav,Vadu,"3,5 mm",Ir,"1,2",Neodīma magnēti 9mm,2 gadi,1 gads,10.99 €,,,,
24,Datoram,Pilnībā aizsedzošās ausis,Ap galvu,Melna / Sarkana,20 - 20000 Hz,32 Ω,105 dB,Ir,Vadu,"3,5 mm",Ir,Ir,2,2 gadi,1 gads,7.33 €,,,
25,Standarta,Pilnībā aizsedzošās ausis,Ap galvu,Nav,Rozā,Nav informācijas,Nav informācijas Ω,Nav informācijas dB,Ir,Bezvadu,Bluetooth (bezvadu),Ir,Ir,Nav,Atbildēšana uz telefona zvanu,2 gadi,2 gadi,579.00 €,
26,Standarta,Pilnībā aizsedzošās ausis,Ap galvu,Nav,Sudraba,Nav informācijas,Nav informācijas Ω,Nav informācijas dB,Ir,Bezvadu,Bluetooth (bezvadu),Ir,Ir,Nav,Atbildēšana uz telefona zvanu,2 gadi,2 gadi,579.00 €,
27,Standarta,Pilnībā aizsedzošās ausis,Ap galvu,Nav,Melna,10 – 22000 Hz,32 Ω,100 dB,Nav,Bezvadu,Radio kanāls (bezvadu),Ir,Nav,Darbības rādiuss līdz 100 m,2 gadi,1 gads,99.99 €,,
28,Profesionālas,Pilnībā aizsedzošās ausis,Ap galvu,Ir,Pelēka / Melna,20 - 40000 Hz,32 Ω,111 dB,Ir (aktīvā),Bezvadu,Bluetooth 5.2,Ir,Ir,2 gadi,1 gads,219.99 €,,,
29,Standarta,Pilnībā aizsedzošās ausis,Ap galvu,Ir,Rozā,20 - 20000 Hz,32 Ω,Nav informācijas dB,Nav,Vadu,"3,5 mm",Ir,Nav,"1,16",2 gadi,1 gads,26.99 €,,
30,Sportam,Ieliekamās,Stiprinājums ausīs,Balta,Nav informācijas,Nav informācijas Ω,Nav informācijas dB,Ir,Patiesi bezvadu (True Wireless),Bluetooth 5.2,Ir,Ir,Nav,IP54,2 gadi,1 gads,69.00 €,,
31,Standarta,Ieliekamās,Stiprinājums ausīs,Nav,Balta,Nav informācijas,Nav informācijas Ω,Nav informācijas dB,Nav,Patiesi bezvadu (True Wireless),Bluetooth (bezvadu),Ir,Ir,Nav,Atbildēšana uz telefona zvanu,2 gadi,1 gads,9.99 €,
32,Standarta,Pilnībā aizsedzošās ausis,Ap galvu,Ir,Balta,20 - 20000 Hz,Nav informācijas Ω,95 dB,Nav,Bezvadu,"Bluetooth (bezvadu) + 3,5 mm (ar vadu)",Ir,Ir,Nav,2 gadi,1 gads,65.99 €,,
33,Datoram,Pilnībā aizsedzošās ausis,Ap galvu,Nav,Melna,20 - 20000 Hz,32 Ω,118 dB,Nav informācijas,Vadu,"2 x 3,5 mm mini jack + USB",Ir,Ir,"2,2",LED apgaismojums,2 gadi,1 gads,11.99 €,
34,Standarta,Ieliekamās,Stiprinājums ausīs,Nav,Melna,8 – 22000 Hz,16 Ω,100 dB,Nav,Vadu,"3,5 mm",Nav,Nav,"1,2",Neodīma magnēti 9mm,2 gadi,1 gads,PDF,6.75 €
35,Standarta,Ieliekamās,Stiprinājums ausīs,Melna,20 - 20000 Hz,Nav informācijas Ω,Nav informācijas dB,Nav,Patiesi bezvadu (True Wireless),Bluetooth (bezvadu),Ir,Nav,Nav,Spēļu režīms,2 gadi,1 gads,PDF,19.99 €,
36,Standarta,Ieliekamās,Stiprinājums ausīs,Melna,20 - 20000 Hz,Nav informācijas Ω,96 dB,Nav,Vadu,"3,5 mm",Ir,Ir,"1,1",2 gadi,1 gads,13.99 €,,,
37,Standarta,Pilnībā aizsedzošās ausis,Ap galvu,Ir,Balta,20 - 20000 Hz,32 Ω,98 dB,Ir,Bezvadu,Bluetooth (bezvadu),Ir,Ir,Nav,Trokšņu slāpēšana,2 gadi,1 gads,83.99 €,
38,Standarta,Ieliekamās,Stiprinājums ausīs,Nav,Melna,8 – 22000 Hz,16 Ω,100 dB,Nav,Vadu,"3,5 mm",Ir,Nav,"1,2",Neodīma magnēti 9mm,2 gadi,1 gads,PDF,9.99 €
39,Standarta,Ieliekamās,Stiprinājums ausīs,Melna,20 - 20000 Hz,32 Ω,110 dB,Ir (aktīvā),Patiesi bezvadu (True Wireless),Bluetooth (bezvadu),Ir,IPX4,2 gadi,1 gads,89.99 €,,,,
40,Standarta,Ieliekamās,Stiprinājums ausīs,Melna,20 - 20000 Hz,32 Ω,93 dB,Nav,Patiesi bezvadu (True Wireless),Bluetooth (bezvadu),Ir,Nav,IPX4,2 gadi,1 gads,109.99 €,,,
41,Standarta,Pilnībā aizsedzošās ausis,Ap galvu,Ir,Melna,20 - 20000 Hz,30 Ω,102 dB,Nav informācijas,Bezvadu,Bluetooth (bezvadu),Ir,Ir,Nav,Balss vadība,2 gadi,1 gads,41.99 €,
42,Standarta,Pilnībā aizsedzošās ausis,Ap galvu,Ir,Zila,10 - 24000 Hz,24 Ω,98 dB,Nav,Vadu,"3,5 mm mini jack",Nav,Nav,"1,2",2 gadi,1 gads,PDF,17.00 €,
43,Datoram,Pilnībā aizsedzošās ausis,Ap galvu,Ir,Melna,8 - 25000 Hz,64 Ω,113 dB,Nav,Vadu,"3,5 mm + 6,3 mm",Nav,Nav,"1,3",2 gadi,1 gads,99.00 €,,
44,Standarta,Uzliekamās,Ap galvu,Ir,Balta,20 - 20000 Hz,32 Ω,100 dB,Ir (aktīvā),Bezvadu,"Bluetooth (bezvadu) + 3,5 mm (ar vadu)",Ir,Ir,"1,2",Baterijas darbības laiks: līdz 70h,2 gadi,1 gads,97.73 €,
45,Standarta,Pilnībā aizsedzošās ausis,Ap galvu,Bēša,20 - 20000 Hz,Nav informācijas Ω,Nav informācijas dB,Nav informācijas,Bezvadu,Bluetooth (bezvadu),Ir,Ir,Nav,Atbildēšana uz telefona zvanu,2 gadi,1 gads,49.99 €,,
46,Standarta,Ieliekamās,Stiprinājums ausīs,Nav,Violeta,Nav informācijas,16 Ω,Nav informācijas dB,Ir (aktīvā),Patiesi bezvadu (True Wireless),Bluetooth (bezvadu),Ir,Nav informācijas,Nav,IP54,2 gadi,1 gads,34.99 €,
47,Standarta,Pilnībā aizsedzošās ausis,Ap galvu,Ir,Zila / Sarkana,20 - 20000 Hz,32 Ω,80 dB,Nav,Bezvadu,Bluetooth (bezvadu),Ir,Ir,Nav,2 gadi,1 gads,PDF,39.99 €,
48,Standarta,Ieliekamās,Stiprinājums ausīs,Ir,Rozā,20 - 20000 Hz,16 Ω,102 dB,Nav,Vadu,"3,5 mm",Nav,Nav,"1,2",Neodīma magnēti,2 gadi,1 gads,4.99 €,
49,Standarta,Pilnībā aizsedzošās ausis,Ap galvu,Ir,Balta,Nav informācijas,Nav informācijas Ω,Nav informācijas dB,Ir (aktīvā),Bezvadu,Bluetooth (bezvadu) + AUX,Ir,Ir,Nav informācijas,Baterijas darbības laiks: līdz 24 h,2 gadi,1 gads,399.99 €,
50,Standarta,Pilnībā aizsedzošās ausis,Ap galvu,Ir,Melna,Nav informācijas,Nav informācijas Ω,Nav informācijas dB,Nav,Bezvadu,"Bluetooth (bezvadu) + 3,5 mm (ar vadu)",Ir,Nav informācijas,Baterijas darbības laiks: līdz 50 h,2 gadi,1 gads,229.00 €,,
51,Standarta,Ieliekamās,Stiprinājums ausīs,Nav,Balta,Nav informācijas,Nav informācijas Ω,Nav informācijas dB,Vadu,"3,5 mm",Ir,Ir,"1,2",2 gadi,1 gads,6.99 €,,,
52,Datoram,Pilnībā aizsedzošās ausis,Ap galvu,Nav,Melna,20 - 20000 Hz,45 Ω,83 dB,Ir,Bezvadu,Bluetooth (bezvadu),Ir,Ir,Baterijas darbības laiks: līdz 18 h,2 gadi,1 gads,65.99 €,,
53,Standarta,Ieliekamās,Stiprinājums ausīs,Melna,Nav informācijas,Nav informācijas Ω,Nav informācijas dB,Ir (aktīvā),Patiesi bezvadu (True Wireless),Bluetooth 5.1,Ir,Nav informācijas,Baterijas darbības laiks: līdz 40 h,2 gadi,1 gads,149.00 €,,,
54,Standarta,Ieliekamās,Stiprinājums ausīs,Balta,20 - 20000 Hz,16 Ω,97 dB,Ir (aktīvā),Patiesi bezvadu (True Wireless),Bluetooth (bezvadu),Ir,IP54,2 gadi,1 gads,79.99 €,,,,
55,Standarta,Pilnībā aizsedzošās ausis,Ap galvu,Zila,20 - 20000 Hz,Nav informācijas Ω,Nav informācijas dB,Nav informācijas,Bezvadu,"Bluetooth (bezvadu) + 3,5 mm (ar vadu)",Ir,Ir,TF karte,2 gadi,1 gads,11.99 €,,,
56,Datoram,Pilnībā aizsedzošās ausis,Ap galvu,Nav,Melna,20 - 20000 Hz,32 Ω,115 dB,Nav,Vadu,USB,Ir,Ir,2,2 gadi,1 gads,24.99 €,,
57,Standarta,Ieliekamās,Stiprinājums ausīs,Nav,Balta,20 - 20000 Hz,16 Ω,105 dB,Nav,Patiesi bezvadu (True Wireless),Bluetooth (bezvadu),Ir,Nav,Nav,IP54,2 gadi,1 gads,62.95 €,
58,Standarta,Pilnībā aizsedzošās ausis,Ap galvu,Nav,Melna,20 - 20000 Hz,48 Ω,102 dB,Ir,Bezvadu,"Bluetooth (bezvadu) + 3,5 mm (ar vadu)",Ir,Ir,"1,2",Darbības rādiuss līdz 10 m,2 gadi,1 gads,349.00 €,
59,Sportam,Ieliekamās,Stiprinājums ausīs,Zila,20 - 20000 Hz,16 Ω,99 dB,Ir,Patiesi bezvadu (True Wireless),Bluetooth (bezvadu),Ir,Nav,IP68,2 gadi,1 gads,101.64 €,,,
60,Datoram,Uzliekamās,Ap galvu,Nav,Pelēka,20 - 20000 Hz,32 Ω,100 dB,Vadu,"3,5 mm",Ir,Nav,"1,8",2 gadi,1 gads,19.99 €,,,
61,Standarta,Pilnībā aizsedzošās ausis,Ap galvu,Zila,20 - 20000 Hz,108 dB,Ir (aktīvā),Bezvadu,"Bluetooth (bezvadu) + 3,5 mm (ar vadu)",Nav,Ir,"1,2",2 gadi,1 gads,PDF,109.99 €,,,
62,Standarta,Ieliekamās,Stiprinājums ausīs,Nav,Melna,20 - 20000 Hz,16 Ω,105 dB,Ir,Bezvadu,Bluetooth (bezvadu),Ir,Nav informācijas,Balss vadība,2 gadi,1 gads,104.99 €,,
63,Standarta,Ieliekamās,Stiprinājums ausīs,Nav,Melna,20 - 20000 Hz,16 Ω,90 dB,Nav,Patiesi bezvadu (True Wireless),Bluetooth (bezvadu),Ir,Nav,Nav,Atbildēšana uz telefona zvanu,2 gadi,1 gads,29.99 €,
64,Standarta,Uzliekamās,Ap galvu,Ir,Melna,20 - 20000 Hz,32 Ω,100 dB,Ir (aktīvā),Bezvadu,"Bluetooth (bezvadu) + 3,5 mm (ar vadu)",Ir,Ir,"1,2",Baterijas darbības laiks: līdz 70h,2 gadi,1 gads,110.99 €,
65,Sportam,Uzliekamās/ Ieliekamās,Stiprinājums uz ausīm,Melna,20 - 20000 Hz,16 Ω,103 dB,Nav,Patiesi bezvadu (True Wireless),Bluetooth 5.1,Ir,Ir,Nav,Mitrumizturīgas,2 gadi,1 gads,41.08 €,,
66,Datoram,Pilnībā aizsedzošās ausis,Ap galvu,Nav,Melna,12 - 28000 Hz,32 Ω,100 dB,Bezvadu,Radio kanāls (bezvadu) + Bluetooth,Ir,Ir,Nav,Baterijas darbības laiks: līdz 70h,2 gadi,1 gads,190.99 €,,
67,Standarta,Ieliekamās,Stiprinājums ausīs,Melna / Zila,20 - 20000 Hz,Nav informācijas Ω,Nav informācijas dB,Ir (aktīvā),Patiesi bezvadu (True Wireless),Bluetooth (bezvadu),Ir,Nav informācijas,Nav,Ūdensdrošs,2 gadi,1 gads,339.00 €,,
68,Standarta,Pilnībā aizsedzošās ausis,Ap galvu,Melna,20 - 22000 Hz,24 Ω,95 dB,Ir,Bezvadu,"Bluetooth (bezvadu) + 3,5 mm (ar vadu)",Ir,Ir,"1,25",Neodīma magnēti,2 gadi,1 gads,399.99 €,,
69,Standarta,Pilnībā aizsedzošās ausis,Ap galvu,Ir,Zila,20 - 20000 Hz,Nav informācijas Ω,Nav informācijas dB,Ir,Bezvadu,Bluetooth (bezvadu),Ir,Ir,"1,2",2 gadi,1 gads,24.99 €,,
70,Datoram,Pilnībā aizsedzošās ausis,Ap galvu,Nav,Melna,20 Hz – 20 kHz,16 Ω,99 dB,Ir,Bezvadu,USB,Ir,Ir,"1,3",Pagarinošs kabelis,2 gadi,1 gads,79.99 €,
71,Datoram,Pilnībā aizsedzošās ausis,Ap galvu,Nav,Melna,20 - 20000 Hz,38 Ω,87.8 dB,Bezvadu,"Bluetooth (bezvadu) + 3,5 mm (ar vadu) + USB-C",Ir,"1,8",1 gads,269.00 €,,,,,
72,Standarta,Pilnībā aizsedzošās ausis,Ap galvu,Nav,Balta,20 - 22000 Hz,32 Ω,115 dB,Bezvadu,"Bluetooth (bezvadu) + 3,5 mm (ar vadu)",Ir,Ir,Nav informācijas,Darbības rādiuss līdz 10 m,2 gadi,1 gads,15.99 €,,
73,Datoram,Pilnībā aizsedzošās ausis,Ap galvu,Nav,Balta / Gaiši zila,20 - 20000 Hz,45 Ω,83 dB,Ir,Bezvadu,Bluetooth (bezvadu),Ir,Ir,Baterijas darbības laiks: līdz 18 h,2 gadi,1 gads,69.99 €,,
74,Standarta,Uzliekamās,Ap galvu,Ir,Balta,20 - 20000 Hz,32 Ω,103 dB,Ir,Bezvadu,"Bluetooth (bezvadu) + 3,5 mm (ar vadu)",Ir,Ir,"1,2",Balss vadība,2 gadi,1 gads,89.99 €,
75,Sportam,Ieliekamās,Stiprinājums ausīs,Nav,Melna,20 - 20000 Hz,16 Ω,94 dB,Nav,Bezvadu,Bluetooth (bezvadu),Ir,Nav,Nav,Atbildēšana uz telefona zvanu,2 gadi,1 gads,49.99 €,
76,Datoram,Pilnībā aizsedzošās ausis,Ap galvu,Nav,Melna / Sarkana,20 - 20000 Hz,32 Ω,105 dB,Nav,Vadu,"2 x 3,5 mm",Ir,Ir,2,2 gadi,1 gads,8.81 €,,
77,Standarta,Ieliekamās,Stiprinājums ausīs,Nav,Melna,15 – 20000 Hz,32 Ω,105 dB,Vadu,"3,5 mm",Nav,Nav,"1,1",2 gadi,1 gads,3.49 €,,,
78,Sportam,Ieliekamās,Stiprinājums uz ausīm,Nav,Melna,20 - 20000 Hz,32 Ω,38 dB,Nav,Patiesi bezvadu (True Wireless),Bluetooth 5.0,Ir,Ir,Nav,Baterijas darbības laiks: līdz 5 h,2 gadi,1 gads,18.15 €,
79,Standarta,Ieliekamās,Stiprinājums ausīs,Nav,Melna,Nav informācijas,Nav informācijas Ω,Nav informācijas dB,Nav,Patiesi bezvadu (True Wireless),Bluetooth (bezvadu),Nav informācijas,Nav,Nav,2 gadi,1 gads,8.49 €,,
80,Standarta,Ieliekamās,Stiprinājums ausīs,Nav,Balta,Nav informācijas,Nav informācijas Ω,Nav informācijas dB,Ir,Bezvadu,Bluetooth (bezvadu),Ir,Ir,Nav,Baterijas darbības laiks: līdz 8 h,2 gadi,1 gads,PDF,109.00 €
81,Sportam,Ieliekamās,Stiprinājums ausīs,Zila,Nav informācijas,Nav informācijas Ω,Nav informācijas dB,Ir,Patiesi bezvadu (True Wireless),Bluetooth 5.2,Ir,Ir,Nav,IP54,2 gadi,1 gads,69.00 €,,
82,Sportam,Ieliekamās,Ap pakausi,Ir,Zila,16 – 20000 Hz,16 Ω,105 dB,Nav,Vadu,"3,5 mm mini jack",Nav,Nav,"1,2",Nav,2 gadi,1 gads,11.99 €,
83,Standarta,Pilnībā aizsedzošās ausis,Ap galvu,Ir,Balta,20 - 20000 Hz,32 Ω,108 dB,Ir,Vadu / Bezvadu,"Bluetooth (bezvadu) + 3,5 mm (ar vadu) + MicroSD",Ir,Ir,Nav informācijas,Baterijas darbības laiks: līdz 35 h,2 gadi,1 gads,30.99 €,
84,Standarta,Ieliekamās,Stiprinājums ausīs,Ir,Melna,20 - 20000 Hz,32 Ω,93 dB,Nav,Vadu,"3,5 mm",Ir,Ir,"1,2",Viegla svara dizains,2 gadi,1 gads,8.89 €,
85,Standarta,Ieliekamās,Stiprinājums ausīs,Nav,Balta,Nav informācijas,Nav informācijas Ω,Nav informācijas dB,Ir (aktīvā),Patiesi bezvadu (True Wireless),Bluetooth (bezvadu),Ir,Nav informācijas,Nav,"IP54, IP55",2 gadi,1 gads,129.00 €,
86,Standarta,Ieliekamās,Stiprinājums ausīs,Nav,Balta,20 - 20000 Hz,Ir,Bezvadu,Bluetooth (bezvadu),Ir,Ir,IPX4,2 gadi,1 gads,121.99 €,,,,
87,Standarta,Pilnībā aizsedzošās ausis,Ap galvu,Ir,Zila,16 – 20000 Hz,32 Ω,97 dB,Ir,Bezvadu,"Bluetooth (bezvadu) + 3,5 mm (ar vadu)",Ir,Ir,Nav,Atbildēšana uz telefona zvanu,2 gadi,1 gads,PDF,129.99 €
88,Standarta,Uzliekamās,Ap galvu,Ir,Zaļa,50 - 20000 Hz,32 Ω,93 dB,Nav,Vadu,"3,5 mm",Ir,Nav,"1,2",2 gadi,1 gads,4.99 €,,
89,Standarta,Ieliekamās,Stiprinājums ausīs,Ir,Pelēka / Melna,20 - 20000 Hz,32 Ω,105 dB,Nav,Vadu,"3,5 mm",Nav,Nav,"1,2",Nav,2 gadi,1 gads,1.27 €,
90,Sportam,Ieliekamās,Stiprinājums uz ausīm,Ir,Melna / Sarkana,280 – 16000 Hz,Nav informācijas Ω,Nav informācijas dB,Nav,Bezvadu,Bluetooth (bezvadu),Ir,Ir,Nav,Atbildēšana uz telefona zvanu,2 gadi,1 gads,4.71 €,
91,Sportam,Ieliekamās,Stiprinājums ausīs,Ir,Balta,20 - 20000 Hz,16 Ω,99 dB,Nav,Bezvadu,Bluetooth (bezvadu),Ir,Ir,Nav,IPX5,2 gadi,1 gads,40.77 €,
92,Standarta,Ieliekamās,Stiprinājums ausīs,Nav,Balta,20 - 20000 Hz,32 Ω,94 dB,Nav,Vadu,USB Type-C,Ir,Ir,Nav informācijas,Atbildēšana uz telefona zvanu,2 gadi,1 gads,14.99 €,
93,Datoram,Pilnībā aizsedzošās ausis,Ap galvu,Nav,Melna,20 - 20000 Hz,35 Ω,91 dB,Nav,Vadu,"3,5 mm",Ir,Nav,2,2 gadi,1 gads,129.99 €,,
94,Standarta,Ieliekamās,Stiprinājums ausīs,Nav,Bēša,Nav informācijas,Nav informācijas Ω,Nav informācijas dB,Patiesi bezvadu (True Wireless),Bluetooth (bezvadu),Ir,Nav,IP55,2 gadi,1 gads,44.99 €,,,
95,Standarta,Ieliekamās,Stiprinājums ausīs,Nav,Melna,20 - 20000 Hz,28 Ω,104 dB,Nav,Bezvadu,Bluetooth (bezvadu),Ir,Ir,Nav,Baterijas darbības laiks: līdz 18 h,2 gadi,1 gads,29.99 €,
96,Standarta,Ieliekamās,Stiprinājums ausīs,Nav,Zila,8 – 22000 Hz,16 Ω,100 dB,Nav,Vadu,"3,5 mm",Ir,Nav,"1,2",Neodīma magnēti 9mm,2 gadi,1 gads,PDF,5.99 €
97,Standarta,Ieliekamās,Stiprinājums ausīs,Nav,Violeta,20 - 20000 Hz,32 Ω,101 dB,Ir (aktīvā),Patiesi bezvadu (True Wireless),Bluetooth (bezvadu),Ir,Nav informācijas,Nav,IP54,2 gadi,1 gads,69.99 €,
98,Sportam,Ieliekamās,Stiprinājums ausīs,Ir,Melna,Nav informācijas,Nav informācijas Ω,Nav informācijas dB,Nav,Patiesi bezvadu (True Wireless),Bluetooth (bezvadu),Nav informācijas,Nav,Nav,2 gadi,1 gads,14.99 €,,
99,Standarta,Ieliekamās,Stiprinājums ausīs,Zila,20 - 20000 Hz,16 Ω,97 dB,Ir (aktīvā),Patiesi bezvadu (True Wireless),Bluetooth (bezvadu),Ir,IP54,2 gadi,1 gads,79.99 €,,,,
100,Datoram,Pilnībā aizsedzošās ausis,Ap galvu,Nav,Melna,20 - 20000 Hz,32 Ω,96 dB,Ir (pasīvā),Bezvadu,Bluetooth 5.2,Ir,Ir,Baterijas darbības laiks: līdz 50 h,2 gadi,1 gads,109.99 €,,
101,Standarta,Ieliekamās,Stiprinājums ausīs,Nav,Rozā,10 - 24000 Hz,16 Ω,97 dB,Nav,Vadu,"3,5 mm",Nav,Nav,"1,1",2 gadi,1 gads,11.99 €,,
102,Standarta,Ieliekamās,Stiprinājums ausīs,Nav,Balta,10 - 24000 Hz,16 Ω,97 dB,Nav,Vadu,"3,5 mm",Nav,Nav,"1,2",2 gadi,1 gads,8.30 €,,
103,Standarta,Uzliekamās,Ap galvu,Nav,Melna,20 - 20000 Hz,32 Ω,105 dB,Nav,Vadu,"3,5 mm",Ir,Nav,"1,5",Nav,2 gadi,1 gads,8.05 €,
104,Standarta,Ieliekamās,Stiprinājums ausīs,Nav,Zila,Nav informācijas,32 Ω,Nav informācijas dB,Ir (aktīvā),Patiesi bezvadu (True Wireless),Bluetooth (bezvadu),Ir,Nav informācijas,Nav,Trokšņu slāpēšana,2 gadi,1 gads,34.99 €,
105,Datoram,Pilnībā aizsedzošās ausis,Ap galvu,Nav,Melna,20 - 20000 Hz,32 Ω,98 dB,Ir (pasīvā),Vadu,USB,Ir,Ir,2,Lieliski piemērots spēlēm,2 gadi,1 gads,72.99 €,
106,Standarta,Ieliekamās,Stiprinājums ausīs,Nav,Melna,5 - 21000 Hz,Nav informācijas Ω,Nav informācijas dB,Ir (aktīvā),Patiesi bezvadu (True Wireless),Bluetooth (bezvadu),Ir,Nav informācijas,Nav,IPX4,2 gadi,1 gads,109.90 €,
107,Datoram,Pilnībā aizsedzošās ausis,Ap galvu,Nav,Sarkana,10 – 21000 Hz,64 Ω,111 dB,Nav,Bezvadu,Radio kanāls (bezvadu),Ir,Ir,Nav,Darbības rādiuss līdz 20 m,2 gadi,1 gads,124.99 €,
108,Standarta,Pilnībā aizsedzošās ausis,Ap galvu,Ir,Pelēka,20 - 20000 Hz,Nav informācijas Ω,Nav informācijas dB,Ir,Bezvadu,Bluetooth (bezvadu),Ir,Ir,"1,2",2 gadi,1 gads,22.25 €,,
109,Standarta,Ieliekamās,Stiprinājums ausīs,Nav,Zila,20 - 20000 Hz,16 Ω,105 dB,Ir,Bezvadu,Bluetooth (bezvadu),Ir,Nav informācijas,Nav,Balss vadība,2 gadi,1 gads,104.99 €,
110,Standarta,Ieliekamās,Stiprinājums ausīs,Balta,Nav informācijas,Nav informācijas Ω,Nav informācijas dB,Nav,Patiesi bezvadu (True Wireless),Bluetooth (bezvadu),Ir,Nav,"Baterijas darbības laiks: līdz 6 h, IPX4",2 gadi,1 gads,185.00 €,,,
111,Standarta,Pilnībā aizsedzošās ausis,Ap galvu,Nav,Zila,20 - 20000 Hz,Nav informācijas Ω,Nav informācijas dB,Ir,Bezvadu,"Bluetooth (bezvadu) + 3,5 mm (ar vadu)",Ir,Ir,"1,2",Darbības rādiuss līdz 10 m,2 gadi,1 gads,349.00 €,
112,Datoram,Pilnībā aizsedzošās ausis,Ap galvu,Nav,Melna,20 - 20000 Hz,Nav informācijas Ω,95 dB,Nav informācijas,Vadu,USB,Ir,Ir,"1,2",2 gadi,1 gads,49.99 €,,
113,Standarta,Ieliekamās,Stiprinājums ausīs,Nav,Melna,20 - 20000 Hz,32 Ω,101 dB,Ir (aktīvā),Patiesi bezvadu (True Wireless),Bluetooth (bezvadu),Ir,Nav informācijas,Nav,IP54,2 gadi,1 gads,69.99 €,
114,Standarta,Pilnībā aizsedzošās ausis,Ap galvu,Balta,20 - 20000 Hz,Nav informācijas Ω,Nav informācijas dB,Nav informācijas,Bezvadu,Bluetooth (bezvadu),Ir,Ir,Nav,Atbildēšana uz telefona zvanu,2 gadi,1 gads,39.00 €,,
115,Standarta,Ieliekamās,Stiprinājums ausīs,Ir,Balta,20 - 20000 Hz,32 Ω,Nav informācijas dB,Nav,Vadu,Lightning (Apple pieslegvieta),Ir,Ir,"1,2",Atbildēšana uz telefona zvanu,2 gadi,1 gads,7.99 €,
116,Standarta,Ieliekamās,Stiprinājums ausīs,Nav,Rozā,8 – 22000 Hz,16 Ω,100 dB,Nav,Vadu,"3,5 mm",Ir,Nav,"1,2",Neodīma magnēti 9mm,2 gadi,1 gads,PDF,5.99 €
117,Standarta,Pilnībā aizsedzošās ausis,Ap galvu,Nav,Balta,20 - 20000 Hz,32 Ω,Nav,Bezvadu,Bluetooth (bezvadu),Ir,Ir,Nav,Darbības rādiuss līdz 10 m,2 gadi,1 gads,10.84 €,,
118,Standarta,Ieliekamās,Stiprinājums ausīs,Nav,Balta,Nav informācijas,Nav informācijas Ω,Nav informācijas dB,Ir,Patiesi bezvadu (True Wireless),Bluetooth (bezvadu),Ir,Nav,Mitrumizturīgas,2 gadi,1 gads,249.00 €,,
119,Datoram,Pilnībā aizsedzošās ausis,Ap galvu,Nav,Balta / Melna,Nav informācijas,Nav informācijas Ω,Nav informācijas dB,Nav,Bezvadu,"Bluetooth (bezvadu) + 3,5 mm (ar vadu)",Ir,Ir,2 gadi,1 gads,95.29 €,,,
120,Standarta,Ieliekamās,Stiprinājums ausīs,Balta,Nav informācijas,Nav informācijas Ω,Nav informācijas dB,Ir (aktīvā),Patiesi bezvadu (True Wireless),Bluetooth 5.3,Ir,Nav informācijas,"Baterijas darbības laiks: līdz 42,5 h",2 gadi,1 gads,99.00 €,,,
121,Standarta,Pilnībā aizsedzošās ausis,Ap galvu,Ir,Melna,20 – 22000 Hz,32 Ω,105 dB,Nav,Bezvadu,"Bluetooth (bezvadu) + 3,5 mm (ar vadu) + microUSB",Ir,Ir,Nav informācijas,Baterijas darbības laiks: līdz 30 h,2 gadi,1 gads,10.48 €,
122,Standarta,Ieliekamās,Stiprinājums ausīs,Balta,20 - 20000 Hz,32 Ω,102 dB,Ir,Bezvadu,Bluetooth 5.3,Ir,Ir,Nav,Baterijas darbības laiks: līdz 4 h,2 gadi,1 gads,11.99 €,,
123,Standarta,Ieliekamās,Stiprinājums ausīs,Nav,Melna,Nav informācijas,Nav informācijas Ω,Nav informācijas dB,Ir (aktīvā),Patiesi bezvadu (True Wireless),Bluetooth 5.3,Ir,Nav informācijas,Nav,Baterijas darbības laiks: līdz 10 h,2 gadi,1 gads,74.99 €,
124,Standarta,Ieliekamās,Stiprinājums ausīs,Melna,20 - 40000 Hz,16 Ω,98 dB,Vadu,USB Type-C,Ir,Ir,Nav informācijas,Neodīma magnēti 9mm,2 gadi,1 gads,14.99 €,,,
125,Standarta,Ieliekamās,Stiprinājums ausīs,Balta,20 – 10000 Hz,32 Ω,93 dB,Nav,Vadu,"3,5 mm mini jack",Ir,Nav,"1,2",2 gadi,1 gads,1.55 €,,,
126,Standarta,Ieliekamās,Stiprinājums ausīs,Ir,Melna,20 - 20000 Hz,32 Ω,108 dB,Nav,Vadu,"3,5 mm",Ir,Nav,"1,2",Atbildēšana uz telefona zvanu,2 gadi,1 gads,1.20 €,
127,Standarta,Pilnībā aizsedzošās ausis,Ap galvu,Melna,20 - 20000 Hz,108 dB,Ir (aktīvā),Bezvadu,"Bluetooth (bezvadu) + 3,5 mm (ar vadu)",Ir,Ir,"1,2",2 gadi,1 gads,PDF,109.99 €,,,
128,Standarta,Pilnībā aizsedzošās ausis,Ap galvu,Nav,Pelēka,Nav informācijas,Nav informācijas Ω,Nav informācijas dB,Ir,Bezvadu,Bluetooth (bezvadu),Ir,Ir,Nav,Atbildēšana uz telefona zvanu,2 gadi,2 gadi,579.00 €,
129,Profesionālas,Pilnībā aizsedzošās ausis,Ap galvu,Nav,Melna,5 - 35000 Hz,32 Ω,96 dB,Vadu,"3,5 mm",Nav,Nav,"1,6",2 gadi,1 gads,159.00 €,,,
130,Datoram,Pilnībā aizsedzošās ausis,Ap galvu,Ir,Melna,20 - 20000 Hz,32 Ω,93 dB,Ir,Vadu,"3,5 mm",Ir,Ir,"1,2",2 gadi,1 gads,52.99 €,,
131,Standarta,Ieliekamās,Stiprinājums ausīs,Balta,20 - 20000 Hz,16 Ω,108 dB,Nav,Patiesi bezvadu (True Wireless),Bluetooth (bezvadu),Ir,Nav,Nav,Darbības rādiuss līdz 10 m,2 gadi,1 gads,59.99 €,,
132,Standarta,Ieliekamās,Stiprinājums ausīs,Zila,20 - 20000 Hz,32 Ω,110 dB,Ir (aktīvā),Patiesi bezvadu (True Wireless),Bluetooth (bezvadu),Ir,Nav,Nav,IPX4,2 gadi,1 gads,99.99 €,,
133,Datoram,Pilnībā aizsedzošās ausis,Ap galvu,Nav,Melna / Sarkana,10 – 21000 Hz,Nav informācijas Ω,Nav informācijas dB,Vadu,"3,5 mm + USB + USB Type C",Ir,Ir,"1,3",7.1 Surround Sound,2 gadi,1 gads,82.99 €,,
134,Standarta,Pilnībā aizsedzošās ausis,Ap galvu,Ir,Rozā,12 – 22000 Hz,24 Ω,98 dB,Nav,Vadu,"3,5 mm",Nav,Nav,"1,2",Neodīma magnēti 30mm,2 gadi,1 gads,PDF,9.99 €
135,Standarta,Ieliekamās,Stiprinājums ausīs,Nav,Balta,20 - 20000 Hz,Nav informācijas Ω,Nav informācijas dB,Nav,Patiesi bezvadu (True Wireless),Bluetooth (bezvadu),Ir,Ir,Nav,IPX4,2 gadi,1 gads,69.99 €,
136,Standarta,Ieliekamās,Stiprinājums ausīs,Melna,Nav informācijas,Nav informācijas Ω,Nav informācijas dB,Ir (aktīvā),Patiesi bezvadu (True Wireless),Bluetooth (bezvadu),Ir,Ir,Nav,2 gadi,1 gads,169.00 €,,,
137,Standarta,Ieliekamās,Stiprinājums ausīs,Ir,Balta,20 - 20000 Hz,16 Ω,99 dB,Nav,Vadu,"3,5 mm",Ir,Nav,Nav informācijas,Nav,2 gadi,1 gads,2.49 €,
138,Datoram,Pilnībā aizsedzošās ausis,Ap galvu,Nav,Melna,20 - 20000 Hz,32 Ω,98 dB,Ir (pasīvā),Vadu,USB,Ir,Ir,2,Komplektā datorpele un peles paliktnis,2 gadi,1 gads,68.99 €,
139,Standarta,Pilnībā aizsedzošās ausis,Ap galvu,Nav,Zaļa,Nav informācijas,Nav informācijas Ω,Nav informācijas dB,Ir,Bezvadu,Bluetooth (bezvadu),Ir,Ir,Nav,Atbildēšana uz telefona zvanu,2 gadi,2 gadi,579.00 €,
140,Standarta,Pilnībā aizsedzošās ausis,Ap galvu,Ir,Zila,20 - 20000 Hz,Nav,Vadu,"3,5 mm",Ir,"1,2",Neodīma magnēti 32mm,2 gadi,1 gads,26.99 €,,,,
141,Standarta,Ieliekamās,Stiprinājums ausīs,Ir,Melna,5 - 23000 Hz,16 Ω,104 dB,Vadu,"3,5 mm",Nav,Nav,"1,2",Neodīma magnēti,2 gadi,1 gads,27.99 €,,
142,Standarta,Pilnībā aizsedzošās ausis,Ap galvu,Melna,20 - 20000 Hz,32 Ω,105 dB,Ir,Bezvadu,Bluetooth 5.0,Ir,Ir,Nav,Baterijas darbības laiks: līdz 7h,2 gadi,1 gads,10.59 €,,
143,Standarta,Ieliekamās,Stiprinājums ausīs,Balta,Nav informācijas,Nav informācijas Ω,Nav informācijas dB,Nav,Patiesi bezvadu (True Wireless),Bluetooth (bezvadu),Ir,Nav,"Baterijas darbības laiks: līdz 6 h, IPX4",2 gadi,1 gads,195.00 €,,,
144,Datoram,Pilnībā aizsedzošās ausis,Ap galvu,Nav,Melna / Sarkana,13 – 27000 Hz,65 Ω,98 dB,Nav,Vadu,"3,5 mm",Ir,Ir,2,Neodīma magnēti,2 gadi,1 gads,58.99 €,
145,Standarta,Ieliekamās,Stiprinājums ausīs,Nav,Balta,20 - 20000 Hz,32 Ω,94 dB,Nav,Vadu,USB Type-C,Ir,Ir,Nav informācijas,Atbildēšana uz telefona zvanu,2 gadi,1 gads,14.99 €,
146,Profesionālas,Pilnībā aizsedzošās ausis,Ap galvu,Nav,Melna,5 - 35000 Hz,80 Ω,96 dB,Nav,Vadu,"3,5 mm",Nav,Nav,3,2 gadi,1 gads,151.99 €,,
147,Standarta,Ieliekamās,Stiprinājums ausīs,Nav,Balta,20 - 20000 Hz,16 Ω,96 dB,Nav,Bezvadu,Bluetooth (bezvadu),Ir,Ir,Nav,2 gadi,1 gads,29.99 €,,
148,Standarta,Pilnībā aizsedzošās ausis,Ap galvu,Ir,Melna,20 - 20000 Hz,Nav informācijas Ω,95 dB,Nav,Bezvadu,"Bluetooth (bezvadu) + 3,5 mm (ar vadu)",Ir,Ir,Nav,2 gadi,1 gads,79.99 €,,
149,Standarta,Pilnībā aizsedzošās ausis,Ap galvu,Nav,Sudraba,9 – 23 000 Hz,32 Ω,95 dB,Nav,Vadu,"3,5 mm",Nav,Ir,6,Nav,2 gadi,1 gads,18.99 €,
150,Sportam,Ieliekamās,Stiprinājums uz ausīm,Dzeltena,280 – 16000 Hz,Nav informācijas Ω,Nav informācijas dB,Nav,Bezvadu,Bluetooth (bezvadu),Ir,Ir,Nav,Atbildēšana uz telefona zvanu,2 gadi,1 gads,7.34 €,,
151,Standarta,Ieliekamās,Stiprinājums ausīs,Nav,Melna,20 - 20000 Hz,16 Ω,106 dB,Nav,Patiesi bezvadu (True Wireless),Bluetooth (bezvadu),Ir,Nav,Nav,IPX4,2 gadi,1 gads,24.39 €,
152,Standarta,Pilnībā aizsedzošās ausis,Ap galvu,Ir,Melna,20 - 20000 Hz,32 Ω,90 dB,Nav,Bezvadu,Bluetooth (bezvadu),Ir,Ir,Nav,2 gadi,1 gads,135.99 €,,
153,Datoram,Pilnībā aizsedzošās ausis,Ap galvu,Nav,Balta,20 - 20000 Hz,32 Ω,100 dB,Nav informācijas,Vadu,"2 x 3,5 mm + USB",Ir,Ir,2,RGB apgaismojums,2 gadi,1 gads,16.00 €,
154,Standarta,Pilnībā aizsedzošās ausis,Ap galvu,Ir,Melna,20 - 20000 Hz,30 Ω,126 dB,Ir,Bezvadu,Bluetooth 5.0,Ir,Ir,"1,2",Baterijas darbības laiks: līdz 22 h,2 gadi,1 gads,46.99 €,
155,Standarta,Pilnībā aizsedzošās ausis,Ap galvu,Nav,Melna,10 – 27000 Hz,32 Ω,98 dB,Nav,Vadu,"3,5 mm",Nav,Nav,2,Neodīma magnēti,2 gadi,1 gads,14.13 €,
156,Sportam,Ieliekamās,Stiprinājums ausīs,Nav,Melna,20 - 20000 Hz,Nav informācijas Ω,Nav informācijas dB,Ir (aktīvā),Patiesi bezvadu (True Wireless),Bluetooth (bezvadu),Ir,Ir,Nav,Baterijas darbības laiks: līdz 30 h,2 gadi,1 gads,149.99 €,
157,Standarta,Pilnībā aizsedzošās ausis,Ap galvu,Ir,Melna,7 - 40000 Hz,32 Ω,105 dB,Ir (aktīvā),Bezvadu,Bluetooth (bezvadu),Ir,Nav,Nav,Trokšņu slāpēšana,2 gadi,1 gads,99.99 €,
158,Standarta,Pilnībā aizsedzošās ausis,Ap galvu,Ir,Melna,50 - 20000 Hz,16 Ω,Nav informācijas dB,Bezvadu,"Bluetooth (bezvadu) + 3,5 mm (ar vadu)",Ir,Ir,Nav informācijas,RGB apgaismojums,2 gadi,1 gads,20.99 €,,
159,Standarta,Ieliekamās,Stiprinājums ausīs,Ir,Balta,20 - 20000 Hz,32 Ω,107 dB,Nav,Vadu,"3,5 mm",Ir,Ir,"1,2",2 gadi,1 gads,7.34 €,,
160,Sportam,Ieliekamās,Stiprinājums ausīs,Ir,Melna,20 - 20000 Hz,16 Ω,90 dB,Nav informācijas,Bezvadu,Bluetooth (bezvadu),Ir,Ir,Nav,IPX5,2 gadi,1 gads,53.24 €,
161,Standarta,Ieliekamās,Stiprinājums ausīs,Ir,Sarkana,20 - 20000 Hz,16 Ω,90 dB,Nav,Vadu,"3,5 mm",Ir,Nav,"1,2",Neodīma magnēti,2 gadi,1 gads,2.49 €,
162,Datoram,Pilnībā aizsedzošās ausis,Ap galvu,Nav,Rozā,12 - 28000 Hz,32 Ω,100 dB,Nav informācijas,Vadu,"3,5 mm",Ir,Ir,"1,3",7.1 Surround Sound,2 gadi,1 gads,72.99 €,
163,Standarta,Ieliekamās,Stiprinājums ausīs,Nav,Balta,Nav informācijas,16 Ω,103 dB,Patiesi bezvadu (True Wireless),Bluetooth (bezvadu),Ir,Nav,Nav,2 gadi,1 gads,12.99 €,,,
164,Profesionālas,Pilnībā aizsedzošās ausis,Ap galvu,Ir,Melna,10 – 20000 Hz,63 Ω,106 dB,Nav informācijas,Vadu,"3,5 mm + 6,3 mm",Nav,Nav,3,Neodīma magnēti,2 gadi,1 gads,118.99 €,
165,Standarta,Ieliekamās,Stiprinājums ausīs,Nav,Melna,5 - 24000 Hz,16 Ω,103 dB,Nav,Vadu,"3,5 mm",Ir,Ir,"1,2",Vadības pults ar mikrofonu,2 gadi,1 gads,PDF,16.25 €
166,Datoram,Pilnībā aizsedzošās ausis,Ap galvu,Nav,Melna,10 - 25000 Hz,Nav informācijas Ω,"-40,5 dB",Nav informācijas,Vadu,"3,5 mm",Ir,Ir,Nav informācijas,2 gadi,1 gads,49.99 €,,
167,Standarta,Ieliekamās,Stiprinājums ausīs,Nav,Melna,20 - 20000 Hz,16 Ω,Nav informācijas dB,Nav,Patiesi bezvadu (True Wireless),Bluetooth (bezvadu),Ir,Nav,Nav,Darbības rādiuss līdz 10 m,2 gadi,1 gads,PDF,29.99 €
168,Standarta,Ieliekamās,Stiprinājums ausīs,Sudraba,20 - 20000 Hz,Nav informācijas Ω,Nav informācijas dB,Ir (aktīvā),Patiesi bezvadu (True Wireless),Bluetooth 5.2,Ir,Nav,Nav,2 gadi,1 gads,269.00 €,,,
169,Standarta,Ieliekamās,Stiprinājums ausīs,Sarkana,20 - 40000 Hz,16 Ω,98 dB,Vadu,USB Type-C,Ir,Ir,Nav informācijas,Neodīma magnēti 9mm,2 gadi,1 gads,19.99 €,,,
170,Standarta,Ieliekamās,Stiprinājums ausīs,Ir,Balta,20 - 20000 Hz,32 Ω,107 dB,Nav,Vadu,"3,5 mm",Ir,Ir,"1,2",2 gadi,1 gads,7.34 €,,
171,Standarta,Pilnībā aizsedzošās ausis,Ap galvu,Nav,Sudraba,Nav informācijas,Nav informācijas Ω,Nav informācijas dB,Nav,Bezvadu,Bluetooth (bezvadu),Ir,Ir,Atbildēšana uz telefona zvanu,2 gadi,1 gads,12.99 €,,
172,Standarta,Ieliekamās,Stiprinājums ausīs,Nav,Balta,8 – 22000 Hz,16 Ω,100 dB,Nav,Vadu,"3,5 mm",Nav,Nav,"1,2",Neodīma magnēti 9mm,2 gadi,1 gads,PDF,6.75 €
173,Datoram,Uzliekamās,Ap galvu,Nav,Balta,20 - 20000 Hz,22 Ω,122 dB,Vadu,"3,5 mm",Ir,Ir,"1,8",2 gadi,1 gads,19.99 €,,,
174,Standarta,Ieliekamās,Stiprinājums ausīs,Nav,Melna,5 - 24000 Hz,16 Ω,103 dB,Nav,Vadu,"3,5 mm",Ir,Nav,"1,2",Neodīma magnēti 9mm,2 gadi,1 gads,PDF,24.00 €
175,Standarta,Pilnībā aizsedzošās ausis,Ap galvu,Ir,Melna,Nav informācijas,Nav informācijas Ω,Nav informācijas dB,Ir (aktīvā),Bezvadu,Bluetooth (bezvadu),Ir,Ir,Nav,Trokšņu slāpēšana,2 gadi,1 gads,347.99 €,
176,Standarta,Uzliekamās,Ap galvu,Ir,Melna,20 Hz – 20 kHz,32 Ω,96 dB,Ir (aktīvā),Bezvadu,"Bluetooth (bezvadu) + 3,5 mm (ar vadu)",Ir,Ir,Baterijas darbības laiks: līdz 30 h,2 gadi,1 gads,249.99 €,,
177,Standarta,Ieliekamās,Stiprinājums ausīs,Balta,20 - 20000 Hz,32 Ω,Nav informācijas dB,Ir,Patiesi bezvadu (True Wireless),Bluetooth 5.2,Ir,Ir,Nav informācijas,Darbības rādiuss līdz 10 m,2 gadi,1 gads,24.99 €,,
178,Profesionālas,Ieliekamās,Stiprinājums ausīs,Nav,Rozā,20 - 20000 Hz,16 Ω,102 dB,Ir,Bezvadu,Bluetooth (bezvadu),Ir,Ir,Baterijas darbības laiks: līdz 7h,2 gadi,1 gads,99.99 €,,
179,Standarta,Ieliekamās,Stiprinājums ausīs,Nav,Melna,20 - 20000 Hz,Nav informācijas Ω,Nav informācijas dB,Nav informācijas,Patiesi bezvadu (True Wireless),Bluetooth (bezvadu),Ir,Nav,Nav,Ūdensdrošs,2 gadi,1 gads,24.99 €,
180,Standarta,Ieliekamās,Stiprinājums ausīs,Nav,Balta,20 - 20000 Hz,16 Ω,97 dB,Nav,Patiesi bezvadu (True Wireless),Bluetooth (bezvadu),Ir,Nav,Nav,IPX4,2 gadi,1 gads,24.99 €,
181,Standarta,Ieliekamās,Stiprinājums ausīs,Nav,Melna,20 - 20000 Hz,32 Ω,115 dB,Nav,Patiesi bezvadu (True Wireless),Bluetooth (bezvadu),Ir,Ir,2 gadi,1 gads,47.80 €,,,
182,Standarta,Ieliekamās,Stiprinājums ausīs,Nav,Balta,20 - 20000 Hz,28 Ω,104 dB,Nav,Bezvadu,Bluetooth (bezvadu),Ir,Ir,Nav,Baterijas darbības laiks: līdz 18 h,2 gadi,1 gads,29.99 €,
183,Standarta,Pilnībā aizsedzošās ausis,Ap galvu,Nav,Melna / Zelta,20 - 20000 Hz,32 Ω,100 dB,Nav,Vadu,"3,5 mm",Nav,Nav,3,Neodīma magnēti 54mm,2 gadi,1 gads,11.99 €,
184,Standarta,Ieliekamās,Stiprinājums ausīs,Nav,Zaļa,20 - 20000 Hz,Nav informācijas Ω,Nav informācijas dB,Nav,Patiesi bezvadu (True Wireless),Bluetooth (bezvadu),Ir,Ir,Nav,IPX4,2 gadi,1 gads,69.99 €,
185,Standarta,Ieliekamās,Stiprinājums ausīs,Nav,Bēša,20 - 20000 Hz,Ir,Bezvadu,Bluetooth (bezvadu),Ir,Ir,IPX4,2 gadi,1 gads,129.99 €,,,,
186,Standarta,Pilnībā aizsedzošās ausis,Ap galvu,Nav,Melna / Sudraba,20 - 20000 Hz,32 Ω,105 dB,Nav,Bezvadu,"Bluetooth (bezvadu) + 3,5 mm (ar vadu)",Ir,Ir,Nav,Atbildēšana uz telefona zvanu,2 gadi,1 gads,17.14 €,
187,Standarta,Pilnībā aizsedzošās ausis,Ap galvu,Ir,Rozā,50 - 20000 Hz,16 Ω,Nav informācijas dB,Bezvadu,"Bluetooth (bezvadu) + 3,5 mm (ar vadu)",Ir,Ir,Nav informācijas,RGB apgaismojums,2 gadi,1 gads,20.99 €,,
188,Standarta,Ieliekamās,Stiprinājums ausīs,Violeta,Nav informācijas,Nav informācijas Ω,Nav informācijas dB,Ir (aktīvā),Patiesi bezvadu (True Wireless),Bluetooth (bezvadu),Ir,Ir,Nav,2 gadi,1 gads,169.00 €,,,
189,Standarta,Ieliekamās,Stiprinājums ausīs,Nav,Balta,Nav informācijas,Nav informācijas Ω,Nav informācijas dB,Ir (aktīvā),Patiesi bezvadu (True Wireless),Bluetooth (bezvadu),Ir,Nav,Nav,Baterijas darbības laiks: līdz 10 h,2 gadi,1 gads,59.99 €,
190,Datoram,Pilnībā aizsedzošās ausis,Ap galvu,Nav,Melna,10 – 40000 Hz,Nav informācijas Ω,93 dB,Nav informācijas,Bezvadu,Bluetooth (bezvadu) + USB,Ir,Nav informācijas,Nav informācijas,2 gadi,1 gads,333.00 €,,
191,Standarta,Ieliekamās,Stiprinājums ausīs,Nav,Balta,Nav informācijas,32 Ω,Nav informācijas dB,Ir (aktīvā),Patiesi bezvadu (True Wireless),Bluetooth (bezvadu),Ir,Nav informācijas,Nav,Trokšņu slāpēšana,2 gadi,1 gads,34.99 €,
192,Datoram,Pilnībā aizsedzošās ausis,Ap galvu,Ir,Balta / Zila,20 - 20000 Hz,32 Ω,96 dB,Nav,Vadu,"3,5 mm",Ir,Ir,"1,2",2 gadi,1 gads,39.99 €,,
193,Standarta,Ieliekamās,Stiprinājums ausīs,Zaļa,20 - 20000 Hz,32 Ω,98 dB,Nav,Vadu,"3,5 mm mini jack",Ir,Nav,"1,2",2 gadi,1 gads,2.49 €,,,
194,Standarta,Ieliekamās,Stiprinājums ausīs,Ir,Melna,20 - 20000 Hz,32 Ω,Nav informācijas dB,Nav,Vadu,"3,5 mm",Ir,Ir,"1,2",Atbildēšana uz telefona zvanu,2 gadi,1 gads,4.20 €,
195,Standarta,Uzliekamās,Ap galvu,Ir,Rozā,20 - 20000 Hz,32 Ω,100 dB,Ir (aktīvā),Bezvadu,Bluetooth (bezvadu),Ir,Ir,Nav,Baterijas darbības laiks: līdz 44 h,2 gadi,1 gads,63.99 €,
196,Standarta,Pilnībā aizsedzošās ausis,Ap galvu,Ir,Melna,20 - 20000 Hz,16 Ω,110 dB,Bezvadu,Bluetooth 5.0,Ir,Nav informācijas,Nav informācijas,Darbības rādiuss līdz 15 m,2 gadi,1 gads,31.99 €,,
197,Standarta,Pilnībā aizsedzošās ausis,Ap galvu,Nav,Rozā,20 - 20000 Hz,32 Ω,92 dB,Ir (aktīvā),Bezvadu,"Bluetooth (bezvadu) + 3,5 mm (ar vadu)",Ir,Nav,Nav informācijas,Viegla svara dizains,2 gadi,1 gads,PDF,79.99 €
198,Standarta,Ieliekamās,Stiprinājums ausīs,Ir,Melna,60 - 20000 Hz,16 Ω,98 dB,Vadu,"3,5 mm",Nav,Nav,"1,2",2 gadi,1 gads,4.50 €,,,
199,Datoram,Pilnībā aizsedzošās ausis,Ap galvu,Nav,Balta,20 - 20000 Hz,32 Ω,96 dB,Nav,Vadu,"3,5 mm",Ir,Ir,"1,2",2 gadi,1 gads,29.99 €,,
200,Standarta,Ieliekamās,Stiprinājums ausīs,Nav,Pelēka,20 - 20000 Hz,Nav informācijas Ω,Nav informācijas dB,Ir (aktīvā),Patiesi bezvadu (True Wireless),Bluetooth (bezvadu),Ir,Nav informācijas,Nav,IP57,2 gadi,1 gads,78.65 €,
201,Datoram,Pilnībā aizsedzošās ausis,Ap galvu,Nav,Rozā,20 - 20000 Hz,32 Ω,110 dB,Vadu,"3,5 mm mini jack + USB",Ir,Ir,"2,2",Lieliski piemērots spēlēm,2 gadi,1 gads,19.99 €,,
202,Standarta,Ieliekamās,Stiprinājums ausīs,Zila,20 - 40000 Hz,16 Ω,98 dB,Vadu,USB Type-C,Ir,Ir,Nav informācijas,Neodīma magnēti 9mm,2 gadi,1 gads,19.99 €,,,
203,Standarta,Ieliekamās,Stiprinājums ausīs,Rozā,20 - 20000 Hz,32 Ω,102 dB,Ir,Bezvadu,Bluetooth 5.3,Ir,Ir,Nav,Baterijas darbības laiks: līdz 4 h,2 gadi,1 gads,11.99 €,,
204,Datoram,Pilnībā aizsedzošās ausis,Ap galvu,Nav,Zila / Melna,20 - 20000 Hz,32 Ω,113 dB,Nav,Vadu,"2 x 3,5 mm mini jack + USB",Ir,Ir,"2,2",Nav,2 gadi,1 gads,10.99 €,
205,Standarta,Ieliekamās,Stiprinājums ausīs,Nav,Balta,Nav informācijas,Nav informācijas Ω,Nav informācijas dB,Nav,Patiesi bezvadu (True Wireless),Bluetooth (bezvadu),Ir,Nav,Nav,Baterijas darbības laiks: līdz 24 h,2 gadi,1 gads,119.00 €,
206,Standarta,Uzliekamās,Ap galvu,Nav,Melna,16 – 22000 Hz,24 Ω,102 dB,Nav,Vadu,"3,5 mm",Nav,Nav,"1,2",2 gadi,1 gads,8.23 €,,
207,Standarta,Ieliekamās,Stiprinājums ausīs,Nav,Zila,20 - 20000 Hz,16 Ω,105 dB,Nav,Patiesi bezvadu (True Wireless),Bluetooth (bezvadu),Ir,Nav,Nav,IP54,2 gadi,1 gads,59.99 €,
208,Datoram,Pilnībā aizsedzošās ausis,Ap galvu,Nav,Sarkana,15 – 25000 Hz,60 Ω,98 dB,Nav,Vadu,USB,Ir,Ir,3,2 gadi,1 gads,89.99 €,,
209,Standarta,Ieliekamās,Stiprinājums ausīs,Ir,Pelēka,18 - 22000 Hz,16 Ω,104 dB,Nav,Vadu,"3,5 mm",Nav,Nav,"1,2",Neodīma magnēti,2 gadi,1 gads,PDF,5.49 €
210,Datoram,Uzliekamās,Ap galvu,Nav,Melna,20 - 20000 Hz,32 Ω,195 dB,Nav,Vadu,"3,5 mm",Ir,Ir,"1,7",2 gadi,1 gads,5.82 €,,
211,Datoram,Pilnībā aizsedzošās ausis,Ap galvu,Balta / Melna,Nav informācijas,Nav informācijas Ω,Nav informācijas dB,Bezvadu,"Bluetooth (bezvadu) + 3,5 mm (ar vadu)",Ir,Ir,Nav informācijas,Lieliski piemērots spēlēm,2 gadi,1 gads,149.99 €,,,
212,Standarta,Ieliekamās,Stiprinājums ausīs,Nav,Balta,20 - 20000 Hz,16 Ω,"125,9 dB",Nav,Patiesi bezvadu (True Wireless),Bluetooth (bezvadu),Ir,Nav,Nav,IPX4,2 gadi,1 gads,24.99 €,
213,Standarta,Ieliekamās,Stiprinājums ausīs,Melna,20 - 20000 Hz,16 Ω,108 dB,Ir (aktīvā),Patiesi bezvadu (True Wireless),Bluetooth (bezvadu),Ir,Nav,IPX5,2 gadi,1 gads,199.00 €,,,
214,Datoram,Pilnībā aizsedzošās ausis,Ap galvu,Zila,20 - 20000 Hz,32 Ω,96 dB,Nav,Vadu,"3,5 mm",Ir,"1,3",2 gadi,1 gads,69.99 €,,,,
215,Standarta,Ieliekamās,Stiprinājums ausīs,Nav,Zila,Nav informācijas,Nav informācijas Ω,Nav informācijas dB,Ir (pasīvā),Patiesi bezvadu (True Wireless),Bluetooth (bezvadu),Ir,Nav,IP55,2 gadi,1 gads,44.99 €,,
216,Standarta,Ieliekamās,Stiprinājums ausīs,Nav,Melna,Nav informācijas,32 Ω,Nav informācijas dB,Patiesi bezvadu (True Wireless),Bluetooth (bezvadu),Ir,Nav,Nav,IPX4,2 gadi,1 gads,19.99 €,,
217,Standarta,Ieliekamās,Stiprinājums ausīs,Ir,Melna,20 - 20000 Hz,32 Ω,98 dB,Nav,Patiesi bezvadu (True Wireless),Bluetooth 5.0,Ir,Nav,IPX5,2 gadi,1 gads,18.99 €,,
218,Standarta,Ieliekamās,Stiprinājums ausīs,Ir,Melna,20 - 20000 Hz,18 Ω,110 dB,Nav,Vadu,USB Type-C,Ir,Nav,"1,15",Atbildēšana uz telefona zvanu,2 gadi,2 gadi,4.49 €,
219,Standarta,Ieliekamās,Stiprinājums ausīs,Nav,Balta,20 - 20000 Hz,32 Ω,93 dB,Nav,Vadu,"3,5 mm",Ir,Ir,"1,2",2 gadi,1 gads,12.99 €,,
220,Standarta,Ieliekamās,Stiprinājums ausīs,Nav,Melna,20 - 20000 Hz,Nav informācijas Ω,Nav informācijas dB,Ir (aktīvā),Patiesi bezvadu (True Wireless),Bluetooth (bezvadu),Ir,Ir,Nav,Baterijas darbības laiks: līdz 30 h,2 gadi,1 gads,199.99 €,
221,Datoram,Pilnībā aizsedzošās ausis,Ap galvu,Nav,Zila,20 - 20000 Hz,45 Ω,83 dB,Ir,Bezvadu,Bluetooth (bezvadu),Ir,Ir,Baterijas darbības laiks: līdz 18 h,2 gadi,1 gads,69.99 €,,
222,Standarta,Pilnībā aizsedzošās ausis,Ap galvu,Ir,Melna,20 - 20000 Hz,32 Ω,100 dB,Ir,Bezvadu,"Bluetooth (bezvadu) + 3,5 mm (ar vadu)",Ir,Ir,Nav,Atbildēšana uz telefona zvanu,2 gadi,1 gads,PDF,149.99 €
223,Standarta,Ieliekamās,Stiprinājums ausīs,Ir,Zila,10 - 24000 Hz,16 Ω,97 dB,Nav,Vadu,"3,5 mm",Nav,Nav,"1,1",Neodīma magnēti 9mm,2 gadi,1 gads,8.99 €,
224,Standarta,Ieliekamās,Stiprinājums ausīs,Nav,Balta,20 - 20000 Hz,32 Ω,101 dB,Ir (aktīvā),Patiesi bezvadu (True Wireless),Bluetooth (bezvadu),Ir,Nav informācijas,Nav,IP54,2 gadi,1 gads,69.99 €,
225,Standarta,Pilnībā aizsedzošās ausis,Ap galvu,Nav,Melna,10 – 22000 Hz,70 Ω,105 dB,Nav,Vadu,"3,5 mm + 6,3 mm adapteris",Nav,Nav,"3,5",2 gadi,1 gads,24.99 €,,
226,Standarta,Ieliekamās,Stiprinājums ausīs,Balta,20 - 40000 Hz,16 Ω,98 dB,Vadu,USB Type-C,Ir,Ir,Nav informācijas,Neodīma magnēti 9mm,2 gadi,1 gads,14.99 €,,,
227,Standarta,Ieliekamās,Stiprinājums ausīs,Nav,Melna,Nav informācijas,Nav informācijas Ω,Nav informācijas dB,Ir,Patiesi bezvadu (True Wireless),Bluetooth (bezvadu),Ir,Nav,Nav,2 gadi,1 gads,182.99 €,,
228,Standarta,Pilnībā aizsedzošās ausis,Ap galvu,Ir,Balta,20 - 20000 Hz,30 Ω,102 dB,Nav informācijas,Bezvadu,Bluetooth (bezvadu),Ir,Ir,Nav,Balss vadība,2 gadi,1 gads,41.99 €,
229,Standarta,Ieliekamās,Stiprinājums ausīs,Ir,Melna / Pelēka,20 - 20000 Hz,16 Ω,93 dB,Nav,Vadu,"3,5 mm",Nav,Nav,"1,25",Nav,2 gadi,1 gads,2.49 €,
230,Datoram,Pilnībā aizsedzošās ausis,Ap galvu,Nav,Melna,10 – 21000 Hz,Nav informācijas Ω,Nav informācijas dB,Vadu,"3,5 mm + USB + USB Type C",Ir,Ir,"1,3",7.1 Surround Sound,2 gadi,1 gads,81.99 €,,
231,Standarta,Ieliekamās,Stiprinājums ausīs,Ir,Sudraba,20 - 20000 Hz,16 Ω,90 dB,Nav,Vadu,"3,5 mm",Ir,Nav,"1,2",Neodīma magnēti,2 gadi,1 gads,2.49 €,
232,Standarta,Ieliekamās,Stiprinājums ausīs,Melna,20 - 20000 Hz,Nav informācijas Ω,100 dB,Patiesi bezvadu (True Wireless),Bluetooth (bezvadu),Ir,Ir,Nav,Ūdensdrošs,2 gadi,1 gads,15.99 €,,,
233,Standarta,Ieliekamās,Stiprinājums ausīs,Ir,Balta,20 - 20000 Hz,16 Ω,93 dB,Nav,Vadu,"3,5 mm",Nav,Nav,"1,25",Nav,2 gadi,1 gads,2.49 €,
234,Standarta,Pilnībā aizsedzošās ausis,Ap galvu,Rozā,20 - 20000 Hz,Nav informācijas Ω,109 dB,Nav informācijas,Bezvadu,"Bluetooth (bezvadu) + 3,5 mm (ar vadu)",Nav informācijas,Ir,TF karte,2 gadi,1 gads,31.99 €,,,
235,Standarta,Ieliekamās,Stiprinājums ausīs,Melna / Zila,20 - 20000 Hz,16 Ω,102 dB,Nav,Vadu,"3,5 mm",Ir,Nav,"1,2",Lieliski piemērots spēlēm,2 gadi,1 gads,12.99 €,,
236,Standarta,Pilnībā aizsedzošās ausis,Ap galvu,Ir,Melna,20 - 20000 Hz,16 Ω,Nav informācijas dB,Ir (aktīvā),Bezvadu,"Bluetooth (bezvadu) + 3,5 mm (ar vadu)",Ir,Nav informācijas,Nav informācijas,Trokšņu slāpēšana,2 gadi,1 gads,131.99 €,
237,Standarta,Pilnībā aizsedzošās ausis,Ap galvu,Ir,Melna,20 - 20000 Hz,32 Ω,105 dB,Vadu,"3,5 mm + 6,3 mm adapteris",Nav,Ir,5,2 gadi,1 gads,10.99 €,,,
238,Standarta,Pilnībā aizsedzošās ausis,Ap galvu,Ir,Balta / Rozā,10 – 23000 Hz,35 Ω,110 dB,Nav,Vadu,"3,5 mm",Ir,Ir,"1,2",Neodīma magnēti 30mm,2 gadi,1 gads,8.99 €,
239,Standarta,Ieliekamās,Stiprinājums ausīs,Nav,Balta,Nav informācijas,Nav informācijas Ω,Nav informācijas dB,Nav,Patiesi bezvadu (True Wireless),Bluetooth (bezvadu),Nav informācijas,Nav,2 gadi,1 gads,9.99 €,,,
240,Standarta,Uzliekamās,Ap galvu,Nav,Pelēka,20 - 20000 Hz,Nav informācijas Ω,115 dB,Bezvadu,"Bluetooth (bezvadu) + 3,5 mm (ar vadu)",Ir,Ir,"1,5",Neodīma magnēti 50mm,2 gadi,1 gads,29.99 €,,
241,Datoram,Pilnībā aizsedzošās ausis,Ap galvu,Melna,20 - 20000 Hz,32 Ω,91 dB,Nav informācijas,Vadu,USB,Ir,Ir,"2,5","Nintendo Switch, PS4, PS5",2 gadi,1 gads,19.99 €,,
242,Standarta,Ieliekamās,Stiprinājums ausīs,Nav,Balta,20 - 20000 Hz,16 Ω,100 dB,Nav,Patiesi bezvadu (True Wireless),Bluetooth (bezvadu),Ir,Nav,Nav,IP54,2 gadi,1 gads,73.99 €,
243,Standarta,Ieliekamās,Stiprinājums ausīs,Ir,Balta,20 - 20000 Hz,32 Ω,108 dB,Nav,Vadu,"3,5 mm",Ir,Nav,"1,2",Atbildēšana uz telefona zvanu,2 gadi,1 gads,1.20 €,
244,Standarta,Ieliekamās,Stiprinājums ausīs,Ir,Sudraba,20 - 20000 Hz,98 dB,Nav,Vadu,"3,5 mm",Ir,Nav,"1,25",2 gadi,1 gads,7.99 €,,,
245,Sportam,Ieliekamās,Stiprinājums uz ausīm,Ir,Balta,10 – 22000 Hz,16 Ω,100 dB,Nav,Vadu,"3,5 mm",Ir,Nav,"1,2",Atbildēšana uz telefona zvanu,2 gadi,1 gads,9.99 €,
246,Standarta,Ieliekamās,Stiprinājums ausīs,Ir,Balta,20 - 20000 Hz,16 Ω,93 dB,Nav,Vadu,"3,5 mm",Ir,Nav,"1,2",Atbildēšana uz telefona zvanu,2 gadi,1 gads,1.98 €,
247,Standarta,Pilnībā aizsedzošās ausis,Ap galvu,Ir,Gaiši zila,50 - 20000 Hz,16 Ω,Nav informācijas dB,Bezvadu,"Bluetooth (bezvadu) + 3,5 mm (ar vadu)",Ir,Ir,Nav informācijas,RGB apgaismojums,2 gadi,1 gads,20.99 €,,
248,Standarta,Pilnībā aizsedzošās ausis,Ap galvu,Zila,20 - 20000 Hz,Nav informācijas Ω,Nav informācijas dB,Nav informācijas,Bezvadu,Bluetooth (bezvadu),Ir,Ir,Nav,Atbildēšana uz telefona zvanu,2 gadi,1 gads,49.00 €,,
249,Standarta,Ieliekamās,Stiprinājums ausīs,Nav,Melna,20 - 20000 Hz,Nav informācijas Ω,Nav informācijas dB,Nav,Patiesi bezvadu (True Wireless),Bluetooth (bezvadu),Ir,Ir,Nav,IPX4,2 gadi,1 gads,69.99 €,
250,Standarta,Ieliekamās,Stiprinājums ausīs,Nav,Balta,20 - 20000 Hz,32 Ω,102 dB,Vadu,"3,5 mm",Ir,Ir,"1,2",2 gadi,1 gads,12.99 €,,,
251,Standarta,Ieliekamās,Stiprinājums ausīs,Nav,Balta,20 - 20000 Hz,16 Ω,101 dB,Nav,Bezvadu,Bluetooth (bezvadu),Ir,Ir,Nav,Baterijas darbības laiks: līdz 18 h,2 gadi,1 gads,29.99 €,
252,Datoram,Pilnībā aizsedzošās ausis,Ap galvu,Nav,Melna,10 – 21000 Hz,60 Ω,100 dB,Ir,Bezvadu,Radio kanāls (bezvadu),Ir,Ir,Nav,2 gadi,1 gads,103.99 €,,
253,Datoram,Uzliekamās,Ap galvu,Nav,Melna,100 - 10000 Hz,111 dB,Nav,Vadu,USB,Ir,Ir,"2,4",Nav,2 gadi,1 gads,29.99 €,,
254,Standarta,Ieliekamās,Stiprinājums ausīs,Ir,Melna / Sarkana,Nav,Vadu,"3,5 mm",Nav,Nav,"1,2",2 gadi,1 gads,2.49 €,,,,,
255,Standarta,Uzliekamās,Ap galvu,Ir,Dzeltena,50 - 20000 Hz,32 Ω,93 dB,Nav,Vadu,"3,5 mm",Ir,Nav,"1,2",2 gadi,1 gads,4.99 €,,
256,Standarta,Ieliekamās,Stiprinājums ausīs,Ir,Melna,20 - 20000 Hz,32 Ω,Nav,Patiesi bezvadu (True Wireless),Bluetooth 5.0,Ir,Nav,Nav,Baterijas darbības laiks: līdz 4 h,2 gadi,1 gads,14.99 €,,
257,Standarta,Ieliekamās,Stiprinājums ausīs,Nav,Balta,20 - 20000 Hz,32 Ω,100 dB,Nav informācijas,Bezvadu,Bluetooth (bezvadu),Ir,Nav informācijas,Nav,2 gadi,1 gads,4.49 €,,
258,Profesionālas,Uzliekamās,Ap galvu,Nav,Melna,20 - 20000 Hz,Nav informācijas Ω,117 dB,Ir,Vadu,USB Type-C,Ir,Nav informācijas,Nav informācijas,Trokšņu slāpēšana,2 gadi,1 gads,116.99 €,
259,Standarta,Pilnībā aizsedzošās ausis,Ap galvu,Ir,Bēša,20 - 20000 Hz,32 Ω,Nav informācijas dB,Nav informācijas,Bezvadu,"Bluetooth (bezvadu) + 3,5 mm (ar vadu)",Ir,Ir,2 gadi,1 gads,14.18 €,,,
260,Datoram,Pilnībā aizsedzošās ausis,Ap galvu,Melna / Sarkana,20 - 20000 Hz,64 Ω,115 dB,Vadu,"3,5 mm",Ir,Nav informācijas,2,Lieliski piemērots spēlēm,2 gadi,1 gads,19.99 €,,,
261,Standarta,Pilnībā aizsedzošās ausis,Ap galvu,Ir,Zila,4 - 40 000 Hz,Nav informācijas Ω,105 dB,Ir,Bezvadu,"Bluetooth (bezvadu) + 3,5mm + NFC",Ir,Ir,"1,2",Baterijas darbības laiks: līdz 30 h,2 gadi,1 gads,259.00 €,
262,Standarta,Pilnībā aizsedzošās ausis,Ap galvu,Ir,Rozā,Nav informācijas,Nav informācijas Ω,Nav informācijas dB,Nav,Bezvadu,"Bluetooth (bezvadu) + 3,5 mm (ar vadu)",Ir,Nav informācijas,Baterijas darbības laiks: līdz 50 h,2 gadi,1 gads,229.00 €,,
263,Standarta,Uzliekamās,Ap galvu,Nav,Melna,5 - 32000 Hz,36 Ω,100 dB,Ir,Bezvadu,Bluetooth 5.0,Ir,Ir,"1,2",Baterijas darbības laiks: līdz 60 h,2 gadi,1 gads,68.99 €,
264,Standarta,Pilnībā aizsedzošās ausis,Ap galvu,Balta,20 - 20000 Hz,Nav informācijas Ω,Nav informācijas dB,Nav informācijas,Bezvadu,"Bluetooth (bezvadu) + 3,5 mm (ar vadu)",Ir,Ir,TF karte,2 gadi,1 gads,13.99 €,,,
265,Standarta,Ieliekamās,Stiprinājums ausīs,Nav,Violeta,20 - 20000 Hz,Nav informācijas Ω,Nav informācijas dB,Ir (aktīvā),Patiesi bezvadu (True Wireless),Bluetooth (bezvadu),Ir,Nav informācijas,Nav,IP57,2 gadi,1 gads,99.99 €,
266,Standarta,Ieliekamās,Stiprinājums ausīs,Nav,Pelēka,Nav informācijas,Nav informācijas Ω,Nav informācijas dB,Ir,Bezvadu,Bluetooth (bezvadu),Ir,Ir,Nav,"Baterijas darbības laiks: līdz 8,5 h",2 gadi,1 gads,99.00 €,
267,Standarta,Ieliekamās,Stiprinājums ausīs,Melna,Nav informācijas,Nav informācijas Ω,Nav informācijas dB,Patiesi bezvadu (True Wireless),Bluetooth (bezvadu),Ir,Ir,Nav,IPX4,2 gadi,1 gads,313.95 €,,,
268,Standarta,Uzliekamās,Ap galvu,Ir,Melna,20 - 20000 Hz,16 Ω,115 dB,Ir,Bezvadu,"Bluetooth (bezvadu) + 3,5 mm (ar vadu)",Ir,Nav informācijas,Nav informācijas,Baterijas darbības laiks: līdz 4 h,2 gadi,1 gads,89.99 €,
269,Standarta,Ieliekamās,Stiprinājums ausīs,Violeta,20 - 20000 Hz,16 Ω,97 dB,Ir (aktīvā),Patiesi bezvadu (True Wireless),Bluetooth (bezvadu),Ir,IP54,2 gadi,1 gads,79.99 €,,,,
270,Sportam,Ieliekamās,Stiprinājums ausīs,Zaļa,20 - 20000 Hz,100 dB,Ir (aktīvā),Patiesi bezvadu (True Wireless),Bluetooth (bezvadu),Ir,Darbība gaidīšanas režīmā līdz 275 dienām,2 gadi,1 gads,69.99 €,,,,,
271,Standarta,Ieliekamās,Stiprinājums ausīs,Nav,Brūna / Melna,5 - 21000 Hz,Nav informācijas Ω,107 dB,Ir (aktīvā),Patiesi bezvadu (True Wireless),Bluetooth (bezvadu),Ir,Nav informācijas,Nav,2 gadi,1 gads,299.00 €,,
272,Standarta,Ieliekamās,Stiprinājums ausīs,Ir,Violeta,10 - 24000 Hz,16 Ω,97 dB,Nav,Vadu,"3,5 mm",Nav,Nav,"1,1",Neodīma magnēti 9mm,2 gadi,1 gads,9.00 €,
273,Sportam,Ieliekamās,Stiprinājums ausīs,Ir,Sarkana,20 - 20000 Hz,16 Ω,98 dB,Nav informācijas,Bezvadu,Bluetooth (bezvadu),Ir,Ir,Nav,2 gadi,1 gads,13.99 €,,
274,Standarta,Ieliekamās,Stiprinājums ausīs,Nav,Melna,20 - 20000 Hz,32 Ω,94 dB,Nav,Vadu,USB Type-C,Ir,Ir,Nav informācijas,Atbildēšana uz telefona zvanu,2 gadi,1 gads,14.99 €,
275,Standarta,Ieliekamās,Stiprinājums ausīs,Nav,Balta,5 - 21000 Hz,Nav informācijas Ω,Nav informācijas dB,Ir (aktīvā),Patiesi bezvadu (True Wireless),Bluetooth (bezvadu),Ir,Nav informācijas,Nav,IPX4,2 gadi,1 gads,109.90 €,
276,Standarta,Ieliekamās,Stiprinājums ausīs,Ir,Sudraba,20 - 20000 Hz,Nav,Vadu,"3,5 mm",Ir,Nav,"1,2",Neodīma magnēti 8.6mm,2 gadi,1 gads,24.99 €,,,
277,Standarta,Ieliekamās,Stiprinājums ausīs,Nav,Melna,Nav informācijas,32 Ω,Nav informācijas dB,Ir,Patiesi bezvadu (True Wireless),Bluetooth (bezvadu),Ir,Nav informācijas,Nav,IP54,2 gadi,1 gads,29.99 €,
278,Standarta,Ieliekamās,Stiprinājums ausīs,Nav,Rozā,8 – 22000 Hz,16 Ω,100 dB,Nav,Vadu,"3,5 mm",Nav,Nav,"1,2",Neodīma magnēti 9mm,2 gadi,1 gads,PDF,4.99 €
279,Standarta,Ieliekamās,Stiprinājums ausīs,Nav,Balta,Nav informācijas,32 Ω,Nav informācijas dB,Patiesi bezvadu (True Wireless),Bluetooth (bezvadu),Ir,Nav,Nav,IPX4,2 gadi,1 gads,29.99 €,,
280,Standarta,Pilnībā aizsedzošās ausis,Ap galvu,Nav,Balta,20 - 22000 Hz,32 Ω,112 dB,Nav informācijas,Bezvadu,"Bluetooth (bezvadu) + 3,5 mm (ar vadu)",Ir,Ir,Nav,"FM radio, Micro SD",2 gadi,1 gads,9.99 €,
281,Standarta,Ieliekamās,Stiprinājums ausīs,Nav,Zila,20 - 20000 Hz,16 Ω,100 dB,Nav,Patiesi bezvadu (True Wireless),Bluetooth (bezvadu),Ir,Nav,Nav,IP54,2 gadi,1 gads,59.99 €,
282,Standarta,Pilnībā aizsedzošās ausis,Ap galvu,Melna,20 - 20000 Hz,Nav informācijas Ω,Nav informācijas dB,Nav informācijas,Bezvadu,Bluetooth (bezvadu),Ir,Ir,Nav,Atbildēšana uz telefona zvanu,2 gadi,1 gads,49.00 €,,
283,Standarta,Pilnībā aizsedzošās ausis,Ap galvu,Ir,Balta,12 – 22000 Hz,24 Ω,98 dB,Nav,Vadu,"3,5 mm mini jack",Ir,Nav,"1,2",Neodīma magnēti 30mm,2 gadi,1 gads,17.00 €,
284,Standarta,Ieliekamās,Stiprinājums ausīs,Pelēka,20 - 20000 Hz,32 Ω,Nav informācijas dB,Patiesi bezvadu (True Wireless),Bluetooth (bezvadu),Ir,Nav informācijas,Nav,Darbības rādiuss līdz 10 m,2 gadi,1 gads,9.44 €,,,
285,Datoram,Ieliekamās,Ap galvu,Nav,Melna / Zaļa,20 - 20000 Hz,32 Ω,96 dB,Nav,Vadu,"3,5 mm",Ir,Ir,"1,3",Neodīma magnēti,2 gadi,1 gads,60.48 €,
286,Standarta,Pilnībā aizsedzošās ausis,Ap galvu,Ir,Balta,20 - 20000 Hz,16 Ω,Nav informācijas dB,Ir (aktīvā),Bezvadu,"Bluetooth (bezvadu) + 3,5 mm (ar vadu)",Ir,Nav informācijas,Nav informācijas,Trokšņu slāpēšana,2 gadi,1 gads,134.99 €,
287,Standarta,Pilnībā aizsedzošās ausis,Ap galvu,Nav,Melna,Nav informācijas,Nav informācijas Ω,Nav informācijas dB,Ir,Bezvadu,Bluetooth (bezvadu),Ir,Ir,"1,06",Trokšņu slāpēšana,2 gadi,1 gads,289.00 €,
288,Standarta,Ieliekamās,Stiprinājums ausīs,Nav,Melna,20 - 20000 Hz,22 Ω,101 dB,Ir,Bezvadu,Bluetooth 5.2,Ir,Nav informācijas,Baterijas darbības laiks: līdz 40 h,2 gadi,1 gads,61.06 €,,
289,Standarta,Pilnībā aizsedzošās ausis,Ap galvu,Ir,Zila / Sarkana,20 - 20000 Hz,32 Ω,80 dB,Nav,Vadu,"3,5 mm",Ir,Ir,Nav informācijas,2 gadi,1 gads,PDF,19.99 €,
290,Datoram,Pilnībā aizsedzošās ausis,Ap galvu,Nav,Zaļa,12 - 28000 Hz,32 Ω,100 dB,Ir (pasīvā),Vadu,"3,5 mm",Ir,Ir,"1,3",2 gadi,1 gads,69.99 €,,
291,Standarta,Ieliekamās,Stiprinājums ausīs,Ir,Rozā,18 - 22000 Hz,16 Ω,104 dB,Nav,Vadu,"3,5 mm",Nav,Nav,"1,2",Neodīma magnēti,2 gadi,1 gads,PDF,5.99 €
292,Standarta,Ieliekamās,Stiprinājums ausīs,Ir,Dzeltena,20 - 20000 Hz,16 Ω,96 dB,Nav,Vadu,"3,5 mm",Ir,Nav,"1,25",2 gadi,1 gads,4.99 €,,
293,Datoram,Pilnībā aizsedzošās ausis,Ap galvu,Nav,Balta,10 - 28000 Hz,32 Ω,97 dB,Nav informācijas,Bezvadu,"Radio kanāls (bezvadu) + 3,5 mm",Ir,Ir,Nav informācijas,2 gadi,1 gads,54.99 €,,
294,Standarta,Ieliekamās,Stiprinājums ausīs,Nav,Krēmkrāsa,20 - 20000 Hz,Nav informācijas Ω,Nav informācijas dB,Ir (aktīvā),Patiesi bezvadu (True Wireless),Bluetooth (bezvadu),Ir,Ir,Nav,Baterijas darbības laiks: līdz 30 h,2 gadi,1 gads,199.99 €,
295,Standarta,Ieliekamās,Stiprinājums ausīs,Nav,Melna,20 - 20000 Hz,30 Ω,117 dB,Ir,Patiesi bezvadu (True Wireless),Bluetooth (bezvadu),Ir,Ir,2 gadi,1 gads,49.99 €,,,
296,Standarta,Uzliekamās,Ap galvu,Ir,Pelēka,5 – 20000 Hz,32 Ω,110 dB,Ir (aktīvā),Bezvadu,"Bluetooth (bezvadu) + 3,5 mm (ar vadu)",Ir,Ir,"1,2",Baterijas darbības laiks: līdz 30 h,2 gadi,1 gads,199.00 €,
297,Standarta,Ieliekamās,Stiprinājums ausīs,Nav,Balta,20 - 20000 Hz,32 Ω,Nav informācijas dB,Nav,Patiesi bezvadu (True Wireless),Bluetooth (bezvadu),Ir,Ir,Nav,Nav,2 gadi,1 gads,29.99 €,
298,Standarta,Ieliekamās,Stiprinājums ausīs,Nav,Melna,5 - 21000 Hz,Nav informācijas Ω,107 dB,Ir (aktīvā),Patiesi bezvadu (True Wireless),Bluetooth (bezvadu),Ir,Nav informācijas,Nav,2 gadi,1 gads,299.00 €,,
299,Standarta,Ieliekamās,Stiprinājums ausīs,Balta,20 - 20000 Hz,16 Ω,100 dB,Ir,Patiesi bezvadu (True Wireless),Bluetooth (bezvadu),Ir,Nav,Nav,IPX2,2 gadi,1 gads,59.99 €,,
300,Sportam,Ieliekamās,Stiprinājums ausīs,Ir,Melna,280 – 16000 Hz,Nav informācijas Ω,Nav informācijas dB,Nav,Bezvadu,Bluetooth (bezvadu),Ir,Ir,Nav,Atbildēšana uz telefona zvanu,2 gadi,1 gads,6.29 €,
301,Datoram,Uzliekamās,Ap galvu,Ir,Melna,20 - 20000 Hz,Nav informācijas Ω,Nav informācijas dB,Ir,Bezvadu,USB Type-C,Ir,Ir,Nav,2 gadi,1 gads,220.99 €,,
302,Sportam,Ieliekamās,Stiprinājums ausīs,Nav,Zila,20 - 20000 Hz,Nav informācijas Ω,Nav informācijas dB,Ir (aktīvā),Patiesi bezvadu (True Wireless),Bluetooth (bezvadu),Ir,Ir,Nav,Baterijas darbības laiks: līdz 30 h,2 gadi,1 gads,149.99 €,
303,Standarta,Ieliekamās,Stiprinājums ausīs,Nav,Rozā,20 - 20000 Hz,16 Ω,101 dB,Nav,Bezvadu,Bluetooth (bezvadu),Ir,Ir,Nav,Baterijas darbības laiks: līdz 18 h,2 gadi,1 gads,35.99 €,
304,Standarta,Pilnībā aizsedzošās ausis,Ap galvu,Ir,Zila,50 - 20000 Hz,16 Ω,Nav informācijas dB,Bezvadu,"Bluetooth (bezvadu) + 3,5 mm (ar vadu)",Ir,Ir,Nav informācijas,RGB apgaismojums,2 gadi,1 gads,20.99 €,,
305,Datoram,Pilnībā aizsedzošās ausis,Ap galvu,Nav,Melna,20 - 20000 Hz,32 Ω,118 dB,Ir,Vadu,"2 x 3,5 mm mini jack + USB",Ir,Ir,2,LED apgaismojums,2 gadi,1 gads,23.99 €,
306,Standarta,Pilnībā aizsedzošās ausis,Ap galvu,Ir,Balta,12 – 22000 Hz,24 Ω,98 dB,Nav,Vadu,"3,5 mm",Nav,Nav,"1,2",Neodīma magnēti 30mm,2 gadi,1 gads,PDF,11.99 €
307,Standarta,Ieliekamās,Stiprinājums ausīs,Nav,Sudraba,20 - 20000 Hz,Nav informācijas Ω,Nav informācijas dB,Vadu,"3,5 mm",Ir,Nav,Nav informācijas,2 gadi,1 gads,9.49 €,,,
308,Sportam,Ieliekamās,Stiprinājums ausīs,Ir,Melna,20 - 17000,Nav informācijas Ω,Nav informācijas dB,Nav,Bezvadu,Bluetooth (bezvadu),Ir,Ir,Nav,2 gadi,1 gads,10.99 €,,
309,Standarta,Ieliekamās,Stiprinājums ausīs,Ir,Balta,20 - 20000 Hz,16 Ω,102 dB,Nav,Vadu,"3,5 mm",Nav,Nav,"1,2",Neodīma magnēti,2 gadi,1 gads,6.49 €,
310,Standarta,Ieliekamās,Stiprinājums ausīs,Nav,Balta,Nav informācijas,Nav informācijas Ω,Nav informācijas dB,Ir (aktīvā),Patiesi bezvadu (True Wireless),Bluetooth 5.2,Ir,Nav,Nav,Baterijas darbības laiks: līdz 28 h,2 gadi,1 gads,29.99 €,
311,Datoram,Pilnībā aizsedzošās ausis,Ap galvu,Melna,20 - 20000 Hz,Nav informācijas Ω,100 dB,Ir,Bezvadu,Bluetooth (bezvadu),Ir,Nav,2 gadi,1 gads,25.99 €,,,,
312,Standarta,Ieliekamās,Stiprinājums ausīs,Nav,Melna,20 - 20000 Hz,32 Ω,94 dB,Nav,Vadu,USB Type-C,Ir,Ir,Nav informācijas,Atbildēšana uz telefona zvanu,2 gadi,1 gads,19.99 €,
313,Standarta,Ieliekamās,Stiprinājums ausīs,Melna,20 - 20000 Hz,16 Ω,106 dB,Ir,Patiesi bezvadu (True Wireless),Bluetooth (bezvadu),Ir,IPX4,2 gadi,1 gads,119.99 €,,,,
314,Standarta,Ieliekamās,Stiprinājums ausīs,Nav,Balta,20 - 20000 Hz,16 Ω,106 dB,Nav,Patiesi bezvadu (True Wireless),Bluetooth (bezvadu),Ir,Nav,Nav,IPX4,2 gadi,1 gads,24.89 €,
315,Standarta,Ieliekamās,Stiprinājums ausīs,Zelta,20 - 20000 Hz,Nav informācijas Ω,Nav informācijas dB,Ir (aktīvā),Patiesi bezvadu (True Wireless),Bluetooth (bezvadu),Ir,Nav informācijas,Nav,Ūdensdrošs,2 gadi,1 gads,339.00 €,,
316,Standarta,Pilnībā aizsedzošās ausis,Ap galvu,Nav,Melna,20 - 20000 Hz,32 Ω,Nav informācijas dB,Ir,Bezvadu,Bluetooth (bezvadu),Ir,Nav,Baterijas darbības laiks: līdz 10 h,2 gadi,1 gads,10.09 €,,
317,Datoram,Pilnībā aizsedzošās ausis,Ap galvu,Nav,Rozā,20 - 20000 Hz,32 Ω,96 dB,Ir (pasīvā),Bezvadu,Bluetooth 5.2,Ir,Ir,Baterijas darbības laiks: līdz 50 h,2 gadi,1 gads,89.99 €,,
318,Standarta,Ieliekamās,Stiprinājums ausīs,Ir,Melna,20 - 20000 Hz,Nav,Vadu,"3,5 mm",Ir,Nav,"1,2",Neodīma magnēti 8.6mm,2 gadi,1 gads,24.99 €,,,
319,Datoram,Pilnībā aizsedzošās ausis,Ap galvu,Nav,Melna,20 - 20000 Hz,39 Ω,107 dB,Nav,Vadu,"3,5 mm",Ir,Ir,2,Nav,2 gadi,1 gads,39.99 €,
320,Standarta,Ieliekamās,Stiprinājums ausīs,Nav,Melna,20 - 20000 Hz,30 Ω,98 dB,Nav,Vadu,"3,5 mm mini jack",Ir,Nav,Nav informācijas,Atbildēšana uz telefona zvanu,2 gadi,1 gads,59.99 €,
321,Standarta,Uzliekamās,Ap galvu,Ir,Melna,5 – 20000 Hz,32 Ω,110 dB,Ir (aktīvā),Bezvadu,"Bluetooth (bezvadu) + 3,5 mm (ar vadu)",Ir,Ir,"1,2",Baterijas darbības laiks: līdz 30 h,2 gadi,1 gads,147.99 €,
322,Datoram,Pilnībā aizsedzošās ausis,Ap galvu,Nav,Melna,150 - 7000 Hz,32 Ω,"93,6 dB",Ir,Vadu,"3,5 mm",Ir,Nav,"1,2",Trokšņu slāpēšana,2 gadi,1 gads,47.99 €,
323,Sportam,Uzliekamās,Ap pakausi,Nav,Melna,20 - 20000 Hz,Nav informācijas Ω,105 dB,Ir,Bezvadu,Bluetooth (bezvadu),Ir,Ir,Nav,IP55,2 gadi,1 gads,189.99 €,
324,Datoram,Pilnībā aizsedzošās ausis,Ap galvu,Nav,Melna,150 - 7000 Hz,32 Ω,"93,6 dB",Ir,Vadu,USB,Ir,Nav,"1,2",Trokšņu slāpēšana,2 gadi,1 gads,41.99 €,
325,Datoram,Pilnībā aizsedzošās ausis,Ap galvu,Nav,Melna / Sarkana,15 – 21000 Hz,62 Ω,103 dB,Nav,Bezvadu,USB (bezvadu),Ir,Ir,Nav,2 gadi,1 gads,146.99 €,,
326,Standarta,Ieliekamās,Stiprinājums ausīs,Ir,Melna,10 - 24000 Hz,16 Ω,97 dB,Nav,Vadu,"3,5 mm",Nav,Nav,"1,1",Neodīma magnēti 9mm,2 gadi,1 gads,8.99 €,
327,Datoram,Uzliekamās,Ap galvu,Ir,Zila,20 - 20000 Hz,32 Ω,112 dB,Ir,Vadu,"3,5 mm",Ir,Ir,Nav informācijas,Trokšņu slāpēšana,2 gadi,1 gads,12.99 €,
328,Sportam,Uzliekamās,Ap galvu,Oranža,Nav informācijas,Nav informācijas Ω,Nav informācijas dB,Nav,Bezvadu,Bluetooth 5.2,Nav informācijas,Nav,Baterijas darbības laiks: līdz 10 h,2 gadi,1 gads,13.99 €,,,
329,Datoram,Pilnībā aizsedzošās ausis,Ap galvu,Nav,Melna,20 - 20000 Hz,32 Ω,96 dB,Nav,Vadu,"3,5 mm",Ir,Ir,"1,2",2 gadi,1 gads,39.99 €,,
330,Standarta,Ieliekamās,Stiprinājums ausīs,Balta,Nav informācijas,Nav informācijas Ω,Nav informācijas dB,Ir,Patiesi bezvadu (True Wireless),Bluetooth 5.3,Ir,Nav,Nav,IP54,2 gadi,1 gads,42.72 €,,
331,Datoram,Uzliekamās,Ap galvu,Nav,Melna,20 - 20000 Hz,22 Ω,Vadu,"3,5 mm",Ir,Ir,"1,8",2 gadi,1 gads,26.99 €,,,,
332,Standarta,Ieliekamās,Stiprinājums ausīs,Balta,20 - 20000 Hz,16 Ω,91 dB,Nav,Vadu,"3,5 mm mini jack",Ir,Nav,Nav informācijas,2 gadi,1 gads,13.60 €,,,
333,Standarta,Pilnībā aizsedzošās ausis,Ap galvu,Ir,Violeta,20 - 20000 Hz,30 Ω,102 dB,Nav informācijas,Bezvadu,Bluetooth (bezvadu),Ir,Ir,Nav,Balss vadība,2 gadi,1 gads,49.99 €,
334,Datoram,Uzliekamās,Ap galvu,Nav,Pelēka / Melna,Nav,Vadu,"2 x 3,5 mm",Ir,Ir,2,Nav,2 gadi,1 gads,7.49 €,,,,
335,Sportam,Ieliekamās,Stiprinājums uz ausīm,Ir,Zila / Melna,280 – 16000 Hz,Nav informācijas Ω,Nav informācijas dB,Nav,Bezvadu,Bluetooth (bezvadu),Ir,Ir,Nav,Atbildēšana uz telefona zvanu,2 gadi,1 gads,4.99 €,
336,Standarta,Ieliekamās,Stiprinājums ausīs,Ir,Melna / Balta,20 - 20000 Hz,16 Ω,93 dB,Nav,Vadu,"3,5 mm",Nav,Nav,"1,25",Nav,2 gadi,1 gads,2.49 €,
337,Standarta,Pilnībā aizsedzošās ausis,Ap galvu,Nav,Melna,5 - 40000 Hz,48 Ω,100 dB,Ir,Vadu,"3,5 mm",Nav,Nav,"1,8",2 gadi,1 gads,214.99 €,,
338,Profesionālas,Pilnībā aizsedzošās ausis,Ap galvu,Nav,Melna,5 - 35000 Hz,80 Ω,96 dB,Nav,Vadu,"3,5 mm",Nav,Nav,"1,6",2 gadi,1 gads,159.00 €,,
339,Sportam,Ieliekamās,Stiprinājums ausīs,Zila,20 - 20000 Hz,100 dB,Ir (aktīvā),Patiesi bezvadu (True Wireless),Bluetooth (bezvadu),Ir,Darbība gaidīšanas režīmā līdz 275 dienām,2 gadi,1 gads,69.99 €,,,,,
340,Standarta,Pilnībā aizsedzošās ausis,Ap galvu,Ir,Violeta,20 - 20000 Hz,Nav informācijas Ω,Nav informācijas dB,Ir,Bezvadu,Bluetooth (bezvadu),Ir,Ir,"1,2",2 gadi,1 gads,23.99 €,,
341,Standarta,Ieliekamās,Stiprinājums ausīs,Ir,Zila,20 - 20000 Hz,Nav,Vadu,"3,5 mm",Ir,"1,2",Neodīma magnēti 9mm,2 gadi,1 gads,10.99 €,,,,
342,Datoram,Pilnībā aizsedzošās ausis,Ap galvu,Ir,Melna,18 - 23000 Hz,30 Ω,102 dB,Nav,Vadu,"3,5 mm",Ir,Nav,"1,7",Neodīma magnēti,2 gadi,1 gads,59.99 €,
343,Standarta,Uzliekamās,Ap galvu,Ir,Zila,20 - 20000 Hz,32 Ω,100 dB,Ir (aktīvā),Bezvadu,"Bluetooth (bezvadu) + 3,5 mm (ar vadu)",Ir,Ir,"1,2",Baterijas darbības laiks: līdz 70h,2 gadi,1 gads,129.99 €,
344,Datoram,Pilnībā aizsedzošās ausis,Ap galvu,Melna,20 - 20000 Hz,Nav informācijas Ω,Nav informācijas dB,Ir,Vadu,USB,Ir,Ir,"2,5",LED apgaismojums,2 gadi,1 gads,52.49 €,,
345,Datoram,Uzliekamās,Ap galvu,Nav,Melna,20 - 20000 Hz,32 Ω,105 dB,Nav,Vadu,"2 x 3,5 mm",Ir,Ir,"1,7",2 gadi,1 gads,2.49 €,,
346,Profesionālas,Pilnībā aizsedzošās ausis,Ap galvu,Nav,Melna,15 – 20000 Hz,47 Ω,96 dB,Nav,Vadu,"3,5 mm",Nav,Nav,3,2 gadi,1 gads,59.99 €,,
347,Standarta,Ieliekamās,Stiprinājums ausīs,Nav,Brūna,20 - 20000 Hz,Nav informācijas Ω,Nav informācijas dB,Ir (aktīvā),Patiesi bezvadu (True Wireless),Bluetooth (bezvadu),Ir,Ir,Nav,Baterijas darbības laiks: līdz 30 h,2 gadi,1 gads,237.99 €,
348,Standarta,Ieliekamās,Stiprinājums ausīs,Balta,20 - 20000 Hz,Nav informācijas Ω,100 dB,Vadu,Lightning (Apple pieslegvieta),Ir,Ir,"1,2",2 gadi,1 gads,6.99 €,,,,
349,Standarta,Ieliekamās,Stiprinājums ausīs,Balta,Nav informācijas,Nav informācijas Ω,Nav informācijas dB,Nav informācijas,Vadu,Lightning (Apple pieslegvieta),Ir,Ir,Nav informācijas,2 gadi,1 gads,6.99 €,,,
350,Standarta,Pilnībā aizsedzošās ausis,Ap galvu,Ir,Melna,20 - 20000 Hz,32 Ω,"91,3 dB",Ir,Bezvadu,Bluetooth 5.0,Nav,Ir,Baterijas darbības laiks: līdz 36 h,2 gadi,1 gads,82.99 €,,
351,Standarta,Pilnībā aizsedzošās ausis,Ap galvu,Ir,Violeta,20 - 20000 Hz,Nav informācijas Ω,95 dB,Nav,Bezvadu,"Bluetooth (bezvadu) + 3,5 mm (ar vadu)",Ir,Ir,Nav,2 gadi,1 gads,79.99 €,,
352,Standarta,Ieliekamās,Stiprinājums ausīs,Nav,Zila,20 - 20000 Hz,Nav informācijas Ω,Nav informācijas dB,Ir,Patiesi bezvadu (True Wireless),Bluetooth 5.3,Ir,Nav,Nav,IP54,2 gadi,1 gads,40.99 €,
353,Standarta,Ieliekamās,Stiprinājums uz ausīm,Nav,Melna,20 - 20000 Hz,Nav informācijas Ω,Nav informācijas dB,Nav informācijas,Patiesi bezvadu (True Wireless),Bluetooth (bezvadu),Ir,Nav informācijas,Nav,IP54,2 gadi,1 gads,199.00 €,
354,Standarta,Ieliekamās,Stiprinājums ausīs,Nav,Balta,Nav informācijas,32 Ω,Nav informācijas dB,Ir,Patiesi bezvadu (True Wireless),Bluetooth (bezvadu),Ir,Nav informācijas,Nav,IP54,2 gadi,1 gads,29.99 €,
355,Standarta,Ieliekamās,Stiprinājums ausīs,Ir,Dzeltena,20 - 20000 Hz,32 Ω,100 dB,Nav,Vadu,"3,5 mm",Nav,Nav,"1,0",Nav,2 gadi,1 gads,4.49 €,
356,Standarta,Pilnībā aizsedzošās ausis,Ap galvu,Balta,20 - 20000 Hz,108 dB,Ir (aktīvā),Bezvadu,"Bluetooth (bezvadu) + 3,5 mm (ar vadu)",Nav,Ir,"1,2",2 gadi,1 gads,PDF,79.99 €,,,
357,Standarta,Ieliekamās,Stiprinājums ausīs,Ir,Zila,18 - 22000 Hz,16 Ω,104 dB,Nav,Vadu,"3,5 mm",Nav,Nav,"1,2",Neodīma magnēti,2 gadi,1 gads,PDF,5.99 €
358,Standarta,Uzliekamās,Ap galvu,Ir,Rozā,20 - 20000 Hz,32 Ω,103 dB,Nav,Bezvadu,Bluetooth (bezvadu),Ir,Ir,Nav,Baterijas darbības laiks: līdz 40 h,2 gadi,1 gads,49.99 €,
359,Standarta,Ieliekamās,Stiprinājums ausīs,Balta,Nav informācijas,Nav informācijas Ω,Nav informācijas dB,Ir (aktīvā),Patiesi bezvadu (True Wireless),Bluetooth 5.1,Ir,Nav informācijas,Baterijas darbības laiks: līdz 40 h,2 gadi,1 gads,122.99 €,,,
360,Datoram,Pilnībā aizsedzošās ausis,Ap galvu,Nav,Melna / Zila,20 - 20000 Hz,32 Ω,102 dB,Nav,Vadu,USB,Ir,Ir,"2,1",Lieliski piemērots spēlēm,2 gadi,1 gads,14.99 €,
361,Datoram,Pilnībā aizsedzošās ausis,Ap galvu,Nav,Melna / Sarkana,20 - 20000 Hz,32 Ω,102 dB,Nav,Vadu,"3,5 mm",Ir,Ir,2,2 gadi,1 gads,8.50 €,,
362,Sportam,Ieliekamās,Ap galvu/Stiprinājums ausīs,Nav,Melna,Nav informācijas,Nav informācijas Ω,Nav informācijas dB,Bezvadu,Bluetooth (bezvadu),Ir,Ir,Nav,Komplektā ieliekamās austiņas,2 gadi,1 gads,12.99 €,,
363,Standarta,Pilnībā aizsedzošās ausis,Ap galvu,Ir,Balta,7 - 40000 Hz,32 Ω,105 dB,Ir (aktīvā),Bezvadu,Bluetooth (bezvadu),Ir,Nav,Nav,Trokšņu slāpēšana,2 gadi,1 gads,101.99 €,
364,Sportam,Ieliekamās,Stiprinājums ausīs,Nav,Melna,20 - 20000 Hz,16 Ω,Nav informācijas dB,Nav,Patiesi bezvadu (True Wireless),Bluetooth (bezvadu),Ir,Nav,IP67,2 gadi,1 gads,74.99 €,,
365,Standarta,Ieliekamās,Stiprinājums ausīs,Oranža,20 – 10000 Hz,32 Ω,Nav informācijas dB,Nav,Vadu,"3,5 mm",Ir,Ir,"1,2",2 gadi,1 gads,2.13 €,,,
366,Sportam,Ieliekamās,Stiprinājums ausīs,Melna,20 - 20000 Hz,100 dB,Ir (aktīvā),Patiesi bezvadu (True Wireless),Bluetooth (bezvadu),Ir,Darbība gaidīšanas režīmā līdz 275 dienām,2 gadi,1 gads,69.99 €,,,,,
367,Standarta,Ieliekamās,Stiprinājums ausīs,Ir,Melna,20 - 20000 Hz,98 dB,Nav,Vadu,"3,5 mm",Ir,Nav,"1,25",2 gadi,1 gads,6.99 €,,,
368,Standarta,Pilnībā aizsedzošās ausis,Ap galvu,Nav,Zila,Nav informācijas,Nav informācijas Ω,Nav informācijas dB,Ir,Bezvadu,Bluetooth (bezvadu),Ir,Ir,Nav,Atbildēšana uz telefona zvanu,2 gadi,2 gadi,579.00 €,
369,Standarta,Pilnībā aizsedzošās ausis,Ap galvu,Melna,20 - 20000 Hz,32 Ω,108 dB,Ir,Bezvadu,"Bluetooth (bezvadu) + 3,5 mm (ar vadu) + MicroSD",Ir,Ir,Nav informācijas,Baterijas darbības laiks: līdz 35 h,2 gadi,1 gads,29.99 €,,
370,Standarta,Ieliekamās,Stiprinājums ausīs,Nav,Sudraba,20 - 20000 Hz,16 Ω,105 dB,Ir,Bezvadu,Bluetooth (bezvadu),Ir,Nav informācijas,Nav,Balss vadība,2 gadi,1 gads,137.62 €,
371,Standarta,Ieliekamās,Stiprinājums ausīs,Melna,20 - 20000 Hz,Nav informācijas Ω,Nav informācijas dB,Ir (aktīvā),Patiesi bezvadu (True Wireless),Bluetooth (bezvadu),Ir,Nav informācijas,Nav,Ūdensdrošs,2 gadi,1 gads,339.00 €,,
372,Standarta,Ieliekamās,Stiprinājums ausīs,Melna,Nav informācijas,Nav informācijas Ω,Nav informācijas dB,Ir (aktīvā),Patiesi bezvadu (True Wireless),Bluetooth 5.3,Ir,Nav informācijas,"Baterijas darbības laiks: līdz 42,5 h",2 gadi,1 gads,99.00 €,,,
373,Datoram,Pilnībā aizsedzošās ausis,Ap galvu,Nav,Zila,20 - 20000 Hz,32 Ω,96 dB,Nav,Vadu,"3,5 mm",Ir,Ir,"1,2",2 gadi,1 gads,39.99 €,,
374,Datoram,Pilnībā aizsedzošās ausis,Ap galvu,Nav,Balta,10 - 28000 Hz,32 Ω,Nav informācijas dB,Ir,Vadu,"3,5 mm",Ir,Ir,"1,2",Lieliski piemērots spēlēm,2 gadi,1 gads,54.99 €,
375,Datoram,Pilnībā aizsedzošās ausis,Ap galvu,Nav,Zila / Melna,20 - 20000 Hz,32 Ω,113 dB,Nav informācijas,Vadu,"2 x 3,5 mm mini jack",Ir,Ir,"2,2",2 gadi,1 gads,9.99 €,,
376,Standarta,Ieliekamās,Stiprinājums ausīs,Melna,20 - 20000 Hz,32 Ω,Nav informācijas dB,Ir,Patiesi bezvadu (True Wireless),Bluetooth 5.2,Ir,Ir,Nav informācijas,Darbības rādiuss līdz 10 m,2 gadi,1 gads,24.99 €,,
377,Standarta,Ieliekamās,Stiprinājums ausīs,Ir,Melna,20 - 20000 Hz,32 Ω,106 dB,Nav,Vadu,"3,5 mm",Nav,Nav,"1,0",Nav,2 gadi,1 gads,3.99 €,
378,Standarta,Pilnībā aizsedzošās ausis,Ap galvu,Ir,Melna,20 - 20000 Hz,32 Ω,102 dB,Nav,Vadu,"3,5 mm",Ir,Ir,"1,2",Neodīma magnēti 32mm,2 gadi,1 gads,9.99 €,
379,Standarta,Ieliekamās,Stiprinājums ausīs,Nav,Rozā,20 - 20000 Hz,28 Ω,104 dB,Nav,Bezvadu,Bluetooth (bezvadu),Ir,Ir,Nav,Baterijas darbības laiks: līdz 18 h,2 gadi,1 gads,35.99 €,
380,Standarta,Ieliekamās,Stiprinājums ausīs,Nav,Balta,8 – 22000 Hz,16 Ω,100 dB,Nav,Vadu,"3,5 mm",Ir,Nav,"1,2",Neodīma magnēti 9mm,2 gadi,1 gads,PDF,5.99 €
381,Standarta,Uzliekamās,Ap galvu,Ir,Violeta,20 - 20000 Hz,32 Ω,100 dB,Ir (aktīvā),Bezvadu,"Bluetooth (bezvadu) + 3,5 mm (ar vadu)",Ir,Ir,"1,2",Baterijas darbības laiks: līdz 70h,2 gadi,1 gads,129.99 €,
382,Standarta,Pilnībā aizsedzošās ausis,Ap galvu,Ir,Rozā,12 – 22000 Hz,24 Ω,98 dB,Nav,Vadu,"3,5 mm mini jack",Ir,Nav,"1,2",Neodīma magnēti 30mm,2 gadi,1 gads,16.99 €,
383,Datoram,Pilnībā aizsedzošās ausis,Ap galvu,Nav,Melna,15 – 25000 Hz,60 Ω,98 dB,Nav,Vadu,3.5 mm + USB,Ir,Ir,3,2 gadi,1 gads,72.99 €,,
384,Standarta,Ieliekamās,Stiprinājums ausīs,Nav,Rozā,20 - 20000 Hz,16 Ω,97 dB,Nav,Patiesi bezvadu (True Wireless),Bluetooth (bezvadu),Ir,Nav,Nav,IPX4,2 gadi,1 gads,24.99 €,
385,Standarta,Ieliekamās,Stiprinājums ausīs,Balta,20 - 20000 Hz,Nav informācijas Ω,100 dB,Vadu,USB Type-C,Ir,Ir,"1,2",2 gadi,1 gads,4.99 €,,,,
386,Standarta,Pilnībā aizsedzošās ausis,Ap galvu,Ir,Melna,Nav informācijas,Nav informācijas Ω,Nav informācijas dB,Ir (aktīvā),Bezvadu,Bluetooth (bezvadu) + AUX,Ir,Ir,Nav informācijas,Baterijas darbības laiks: līdz 24 h,2 gadi,1 gads,299.99 €,
387,Standarta,Pilnībā aizsedzošās ausis,Ap galvu,Ir,Melna,12 – 22000 Hz,24 Ω,98 dB,Nav,Vadu,"3,5 mm",Ir,Nav,"1,2",Nav,2 gadi,1 gads,16.99 €,
388,Standarta,Ieliekamās,Stiprinājums ausīs,Balta,Nav informācijas,Nav informācijas Ω,Nav informācijas dB,Nav,Bezvadu,Bluetooth (bezvadu),Ir,Nav,Nav,Baterijas darbības laiks: līdz 4 h,2 gadi,1 gads,9.99 €,,
389,Standarta,Ieliekamās,Stiprinājums ausīs,Ir,Zelta,20 - 20000 Hz,Nav,Vadu,"3,5 mm",Ir,Nav,"1,2",Neodīma magnēti 8.6mm,2 gadi,1 gads,16.99 €,,,
390,Standarta,Ieliekamās,Stiprinājums ausīs,Nav,Melna,Nav informācijas,Nav informācijas Ω,Nav informācijas dB,Ir (aktīvā),Patiesi bezvadu (True Wireless),Bluetooth (bezvadu),Ir,Nav,Nav,Baterijas darbības laiks: līdz 10 h,2 gadi,1 gads,59.99 €,
391,Datoram,Pilnībā aizsedzošās ausis,Ap galvu,Nav,Melna,12 - 28000 Hz,32 Ω,100 dB,Nav,Vadu,"3,5 mm",Ir,Nav,"1,3",7.1 Surround Sound,2 gadi,2 gadi,79.99 €,
392,Datoram,Pilnībā aizsedzošās ausis,Ap galvu,Nav,Melna,20 - 20000 Hz,32 Ω,115 dB,Nav,Bezvadu,Radio kanāls (bezvadu),Ir,Ir,2 gadi,1 gads,69.99 €,,,
393,Datoram,Ieliekamās,Ap galvu,Nav,Balta / Melna,20 - 20000 Hz,32 Ω,96 dB,Nav,Vadu,"3,5 mm",Ir,Ir,"1,3",Neodīma magnēti,2 gadi,1 gads,58.59 €,
394,Sportam,Ieliekamās,Stiprinājums ausīs,Balta,20 - 20000 Hz,16 Ω,96 dB,Nav,Vadu,"3,5 mm",Ir,Nav,"1,2",IPX2,2 gadi,1 gads,8.99 €,,
395,Sportam,Ieliekamās,Ap pakausi,Ir,Melna,20 - 20000 Hz,32 Ω,108 dB,Nav,Bezvadu,Bluetooth (bezvadu),Ir,Ir,Nav,IPX5,2 gadi,1 gads,11.99 €,
396,Standarta,Ieliekamās,Stiprinājums ausīs,Nav,Balta,5 - 24000 Hz,16 Ω,103 dB,Nav,Vadu,"3,5 mm",Ir,Ir,"1,2",Vadības pults ar mikrofonu,2 gadi,1 gads,PDF,15.99 €
397,Standarta,Uzliekamās,Ap galvu,Nav,Pelēka,20 - 20000 Hz,Nav informācijas Ω,Nav informācijas dB,Ir,Bezvadu,Bluetooth (bezvadu),Ir,Ir,Nav,Baterijas darbības laiks: līdz 70h,2 gadi,1 gads,59.99 €,
398,Sportam,Uzliekamās,Ap pakausi,Nav,Pelēka,20 - 20000 Hz,Nav informācijas Ω,96 dB,Ir,Bezvadu,Bluetooth (bezvadu),Ir,Ir,Nav,IP55,2 gadi,1 gads,86.99 €,
399,Standarta,Uzliekamās,Ap galvu,Ir,Melna,20 - 20000 Hz,32 Ω,106 dB,Nav,Bezvadu,"Bluetooth (bezvadu) + 3,5 mm (ar vadu)",Ir,Nav informācijas,Nav informācijas,Baterijas darbības laiks: līdz 100h,2 gadi,1 gads,149.00 €,
400,Datoram,Pilnībā aizsedzošās ausis,Ap galvu,Nav,Melna / Zaļa,20 - 20000 Hz,32 Ω,105 dB,Ir,Vadu,"2 x 3,5 mm",Ir,Nav,2,Trokšņu slāpēšana,2 gadi,1 gads,10.99 €,
401,Standarta,Ieliekamās,Stiprinājums ausīs,Ir,Zila,20 - 20000 Hz,16 Ω,102 dB,Nav,Vadu,"3,5 mm",Nav,Nav,"1,2",Neodīma magnēti,2 gadi,1 gads,5.99 €,
402,Sportam,Ieliekamās,Stiprinājums ausīs,Ir,Oranža,Nav informācijas,Nav informācijas Ω,Nav informācijas dB,Nav,Patiesi bezvadu (True Wireless),Bluetooth (bezvadu),Nav informācijas,Nav,Nav,2 gadi,1 gads,14.99 €,,
403,Standarta,Ieliekamās,Stiprinājums ausīs,Balta,Nav informācijas,Nav informācijas Ω,Nav informācijas dB,Ir,Patiesi bezvadu (True Wireless),Bluetooth (bezvadu),Ir,Nav,Nav,Baterijas darbības laiks: līdz 20 h,2 gadi,1 gads,39.99 €,,
404,Standarta,Ieliekamās,Stiprinājums ausīs,Nav,Balta,20 - 20000 Hz,20 Ω,118 dB,Nav,Bezvadu,Bluetooth (bezvadu),Ir,Ir,Nav,2 gadi,1 gads,26.99 €,,
405,Standarta,Ieliekamās,Stiprinājums ausīs,Ir,Melna,20 - 20000 Hz,Nav informācijas Ω,Nav informācijas dB,Nav,Vadu,"3,5 mm",Ir,Nav,"1,2",Neodīma magnēti 9mm,2 gadi,1 gads,10.99 €,
406,Standarta,Ieliekamās,Stiprinājums ausīs,Ir,Balta,Nav,Vadu,Lightning (Apple pieslegvieta),Ir,Ir,"1,3",2 gadi,1 gads,18.99 €,,,,,
407,Standarta,Ieliekamās,Stiprinājums ausīs,Balta,Nav informācijas,Nav informācijas Ω,Nav informācijas dB,Vadu,Lightning (Apple pieslegvieta),Ir,Ir,"1,2",2 gadi,1 gads,8.99 €,,,,
408,Standarta,Pilnībā aizsedzošās ausis,Ap galvu,Ir,Zila,20 - 20000 Hz,32 Ω,98 dB,Ir,Bezvadu,Bluetooth (bezvadu),Ir,Ir,Nav,Trokšņu slāpēšana,2 gadi,1 gads,89.99 €,
409,Standarta,Uzliekamās,Ap galvu,Ir,Zila,20 - 20000 Hz,32 Ω,103 dB,Nav,Bezvadu,Bluetooth (bezvadu),Ir,Ir,Nav,Baterijas darbības laiks: līdz 40 h,2 gadi,1 gads,39.99 €,
410,Profesionālas,Ieliekamās,Stiprinājums ausīs,Ir,Melna / Sarkana,100 - 100000 Hz,16 Ω,100 dB,Nav,Vadu,"3,5 mm",Ir,Ir,"1,2",Regulējams mikrofons,2 gadi,1 gads,9.99 €,
411,Standarta,Pilnībā aizsedzošās ausis,Ap galvu,Ir,Melna,20 - 20000 Hz,Nav informācijas Ω,Nav informācijas dB,Bezvadu,"Bluetooth (bezvadu) + 3,5 mm (ar vadu)",Ir,Ir,Nav informācijas,Baterijas darbības laiks: līdz 40 h,2 gadi,1 gads,24.99 €,,
412,Standarta,Uzliekamās,Ap galvu,Ir,Zila,20 - 20000 Hz,32 Ω,100 dB,Ir (aktīvā),Bezvadu,Bluetooth (bezvadu),Ir,Ir,Nav,Baterijas darbības laiks: līdz 44 h,2 gadi,1 gads,79.99 €,
413,Standarta,Uzliekamās,Ap galvu,Ir,Melna,20 Hz – 20 kHz,32 Ω,99 dB,Nav,Bezvadu,"Bluetooth (bezvadu) + 3,5 mm (ar vadu)",Ir,Ir,Akumulatora darbības laiks 80+ stundas.,2 gadi,1 gads,129.99 €,,
414,Standarta,Ieliekamās,Stiprinājums ausīs,Ir,Balta,20 – 10000 Hz,16 Ω,92 dB,Nav,Vadu,USB Type-C,Ir,Nav,"1,2",Atbildēšana uz telefona zvanu,2 gadi,1 gads,2.99 €,
415,Datoram,Pilnībā aizsedzošās ausis,Ap galvu,Nav,Zila,20 Hz – 20 kHz,39 Ω,"87,5 dB",Nav,Bezvadu,USB (bezvadu),Ir,Ir,Nav,Baterijas darbības laiks: līdz 29 h,2 gadi,1 gads,149.00 €,
416,Standarta,Ieliekamās,Stiprinājums ausīs,Nav,Balta,20 - 20000 Hz,16 Ω,Nav informācijas dB,Nav,Patiesi bezvadu (True Wireless),Bluetooth (bezvadu),Ir,Nav,Nav,Darbības rādiuss līdz 10 m,2 gadi,1 gads,PDF,29.99 €
417,Datoram,Pilnībā aizsedzošās ausis,Ap galvu,Nav,Balta,20 - 20000 Hz,39 Ω,"87,5 dB",Nav,Bezvadu,USB (bezvadu),Ir,Ir,Nav,LED apgaismojums,2 gadi,1 gads,149.00 €,
418,Standarta,Ieliekamās,Stiprinājums ausīs,Nav,Zila,8 – 22000 Hz,16 Ω,100 dB,Nav,Vadu,"3,5 mm",Nav,Nav,"1,2",Neodīma magnēti 9mm,2 gadi,1 gads,4.99 €,
419,Standarta,Pilnībā aizsedzošās ausis,Ap galvu,Ir,Zila,Nav informācijas,Nav informācijas Ω,Nav informācijas dB,Nav,Bezvadu,"Bluetooth (bezvadu) + 3,5 mm (ar vadu)",Ir,Nav informācijas,Baterijas darbības laiks: līdz 50 h,2 gadi,1 gads,229.00 €,,
420,Standarta,Uzliekamās,Ap galvu,Ir,Melna,18 - 22000 Hz,32 Ω,104 dB,Nav,Vadu,"3,5 mm",Nav,Nav,"1,5",Nav,2 gadi,1 gads,10.09 €,
421,Standarta,Ieliekamās,Stiprinājums ausīs,Nav,Zaļa,20 - 20000 Hz,28 Ω,104 dB,Nav,Bezvadu,Bluetooth (bezvadu),Ir,Ir,Nav,Baterijas darbības laiks: līdz 18 h,2 gadi,1 gads,35.99 €,
422,Standarta,Ieliekamās,Stiprinājums ausīs,Melna,20 - 20000 Hz,16 Ω,105 dB,Nav informācijas,Patiesi bezvadu (True Wireless),Bluetooth (bezvadu),Ir,Nav informācijas,2 gadi,1 gads,59.99 €,,,,
423,Standarta,Ieliekamās,Stiprinājums ausīs,Nav,Rozā,20 - 20000 Hz,16 Ω,105 dB,Ir,Bezvadu,Bluetooth (bezvadu),Ir,Nav informācijas,Nav,Balss vadība,2 gadi,1 gads,139.99 €,
424,Datoram,Pilnībā aizsedzošās ausis,Ap galvu,Nav,Zila / Melna,20 - 20000 Hz,32 Ω,102 dB,Nav,Vadu,"3,5 mm",Ir,Ir,2,2 gadi,1 gads,8.39 €,,
425,Datoram,Pilnībā aizsedzošās ausis,Ap galvu,Ir,Melna / Zaļa,20 - 20000 Hz,32 Ω,96 dB,Nav,Vadu,"3,5 mm",Ir,Ir,"1,2",2 gadi,1 gads,39.99 €,,
426,Standarta,Ieliekamās,Stiprinājums ausīs,Balta,20 - 20000 Hz,32 Ω,110 dB,Ir,Patiesi bezvadu (True Wireless),Bluetooth (bezvadu),Ir,Nav,Nav,2 gadi,1 gads,89.99 €,,,
427,Datoram,Pilnībā aizsedzošās ausis,Ap galvu,Nav,Melna / Oranža,20 - 20000 Hz,32 Ω,102 dB,Nav,Vadu,"3,5 mm",Ir,Ir,2,2 gadi,1 gads,8.81 €,,
428,Datoram,Uzliekamās,Ap galvu,Nav,Melna / Sarkana,20 - 20000 Hz,32 Ω,108 dB,Nav,Bezvadu,"Micro USB + 3,5 mini jack",Ir,Ir,Nav,Baterijas darbības laiks: līdz 15 h,2 gadi,1 gads,43.69 €,
429,Standarta,Ieliekamās,Stiprinājums ausīs,Ir,Melna,20 - 20000 Hz,32 Ω,108 dB,Nav informācijas,Vadu,"3,5 mm",Ir,Nav,"1,2",Atbildēšana uz telefona zvanu,2 gadi,1 gads,1.20 €,
430,Standarta,Ieliekamās,Stiprinājums ausīs,Nav,Zaļa,Nav informācijas,Nav informācijas Ω,Nav informācijas dB,Ir,Bezvadu,Bluetooth (bezvadu),Ir,Ir,Nav,Baterijas darbības laiks: līdz 8 h,2 gadi,1 gads,PDF,109.00 €
431,Standarta,Ieliekamās,Stiprinājums ausīs,Nav,Zila,20 - 20000 Hz,32 Ω,101 dB,Ir (aktīvā),Patiesi bezvadu (True Wireless),Bluetooth (bezvadu),Ir,Nav informācijas,Nav,IP54,2 gadi,1 gads,69.99 €,
432,Standarta,Ieliekamās,Stiprinājums ausīs,Violeta,20 - 20000 Hz,32 Ω,108 dB,Ir,Patiesi bezvadu (True Wireless),Bluetooth 5.3,Ir,2 gadi,1 gads,14.99 €,,,,,
433,Standarta,Pilnībā aizsedzošās ausis,Ap galvu,Ir,Sudraba,4 - 40 000 Hz,Nav informācijas Ω,105 dB,Ir,Bezvadu,"Bluetooth (bezvadu) + 3,5mm + NFC",Ir,Ir,"1,2",Baterijas darbības laiks: līdz 30 h,2 gadi,1 gads,259.99 €,
434,1 gads,90.99 €,,,,,,,,,,,,,,,,,
435,Standarta,Uzliekamās,Ap galvu,Ir,Balta,18 - 22000 Hz,32 Ω,104 dB,Nav,Vadu,"3,5 mm",Nav,Nav,"1,5",Nav,2 gadi,1 gads,10.99 €,
436,Standarta,Ieliekamās,Stiprinājums ausīs,Ir,Balta,Nav,Vadu,USB Type-C,Ir,Ir,"1,3",2 gadi,1 gads,18.99 €,,,,,
437,Standarta,Ieliekamās,Stiprinājums ausīs,Nav,Melna,Nav informācijas,Nav informācijas Ω,Nav informācijas dB,Ir,Bezvadu,Bluetooth (bezvadu),Ir,Ir,Nav,Baterijas darbības laiks: līdz 8 h,2 gadi,1 gads,PDF,109.00 €
438,Datoram,Pilnībā aizsedzošās ausis,Ap galvu,Nav,Zila / Melna,20 - 20000 Hz,32 Ω,105 dB,Nav,Vadu,"2 x 3,5 mm",Ir,Ir,2,Nav,2 gadi,1 gads,10.99 €,
439,Standarta,Ieliekamās,Stiprinājums ausīs,Melna,20 - 20000 Hz,Nav informācijas Ω,Nav informācijas dB,Nav informācijas,Patiesi bezvadu (True Wireless),Bluetooth (bezvadu),Ir,Nav informācijas,2 gadi,1 gads,18.99 €,,,,
440,Standarta,Ieliekamās,Stiprinājums ausīs,Melna,20 - 20000 Hz,32 Ω,95 dB,Nav,Vadu,USB Type-C,Ir,Ir,"1,2",2 gadi,1 gads,10.99 €,,,
441,Datoram,Pilnībā aizsedzošās ausis,Ap galvu,Nav,Melna,20 - 20000 Hz,32 Ω,120 dB,Nav informācijas,Vadu,"3,5 mm + USB",Ir,Ir,2,LED apgaismojums,2 gadi,1 gads,13.99 €,
442,Datoram,Pilnībā aizsedzošās ausis,Ap galvu,Nav,Melna,12 - 28000 Hz,32 Ω,45 dB,Vadu,"3,5 mm",Ir,Ir,Nav informācijas,2 gadi,1 gads,39.99 €,,,
443,Profesionālas,Ieliekamās,Stiprinājums ausīs,Nav,Pelēka,Nav informācijas,32 Ω,Nav informācijas dB,Ir,Bezvadu,Bluetooth (bezvadu),Ir,Ir,Nav,Baterijas darbības laiks: līdz 28 h,2 gadi,1 gads,59.99 €,
444,Standarta,Pilnībā aizsedzošās ausis,Ap galvu,Ir,Melna,4 - 40 000 Hz,Nav informācijas Ω,105 dB,Ir,Bezvadu,"Bluetooth (bezvadu) + 3,5mm + NFC",Ir,Ir,"1,2",Baterijas darbības laiks: līdz 30 h,2 gadi,1 gads,234.99 €,
445,Standarta,Ieliekamās,Stiprinājums ausīs,Ir,Balta,20 - 20000 Hz,32 Ω,Nav informācijas dB,Nav,Vadu,"3,5 mm",Ir,Ir,"1,2",Atbildēšana uz telefona zvanu,2 gadi,1 gads,3.51 €,
446,Standarta,Pilnībā aizsedzošās ausis,Ap galvu,Nav,Balta / Pelēka,20 - 20000 Hz,32 Ω,93 dB,Ir (aktīvā),Bezvadu,"Bluetooth (bezvadu) + 3,5 mm (ar vadu)",Ir,Nav,Nav informācijas,Viegla svara dizains,2 gadi,1 gads,PDF,73.54 €
447,Standarta,Ieliekamās,Stiprinājums ausīs,Nav,Melna,20 - 20000 Hz,16 Ω,100 dB,Nav,Patiesi bezvadu (True Wireless),Bluetooth (bezvadu),Ir,Nav,Nav,IP54,2 gadi,1 gads,52.99 €,
448,Standarta,Ieliekamās,Stiprinājums ausīs,Ir,Balta,20 - 20000 Hz,16 Ω,93 dB,Nav,Vadu,"3,5 mm",Ir,"1,2",2 gadi,1 gads,3.99 €,,,
449,Standarta,Pilnībā aizsedzošās ausis,Ap galvu,Nav,Zila,50 - 20000 Hz,16 Ω,Nav informācijas dB,Nav,Bezvadu,Bluetooth (bezvadu),Ir,Nav informācijas,Nav,"FM radio, Micro SD",2 gadi,1 gads,15.99 €,
450,Sportam,Ieliekamās,Stiprinājums ausīs,Ir,Balta,Nav informācijas,Nav informācijas Ω,Nav informācijas dB,Nav,Patiesi bezvadu (True Wireless),Bluetooth (bezvadu),Nav informācijas,Nav,Nav,2 gadi,1 gads,14.99 €,,
451,Datoram,Pilnībā aizsedzošās ausis,Ap galvu,Zaļa,20 - 20000 Hz,32 Ω,96 dB,Nav,Vadu,"3,5 mm",Ir,"1,3",2 gadi,1 gads,63.00 €,,,,
452,Standarta,Ieliekamās,Stiprinājums ausīs,Melna,Nav informācijas,Nav informācijas Ω,Nav informācijas dB,Nav,Patiesi bezvadu (True Wireless),Bluetooth (bezvadu),Nav,Nav,2 gadi,1 gads,10.99 €,,,,
453,Standarta,Ieliekamās,Stiprinājums ausīs,Nav,Balta,20 - 20000 Hz,Nav informācijas Ω,Nav informācijas dB,Nav informācijas,Patiesi bezvadu (True Wireless),Bluetooth (bezvadu),Ir,Nav,Nav,Ūdensdrošs,2 gadi,1 gads,24.99 €,
454,Standarta,Ieliekamās,Stiprinājums ausīs,Melna,20 - 20000 Hz,Nav informācijas Ω,Nav informācijas dB,Ir (aktīvā),Patiesi bezvadu (True Wireless),Bluetooth 5.2,Ir,Nav,Nav,2 gadi,1 gads,269.00 €,,,
455,Standarta,Pilnībā aizsedzošās ausis,Ap galvu,Ir,Balta,20 - 20000 Hz,Nav,Vadu,"3,5 mm",Ir,"1,2",Neodīma magnēti 32mm,2 gadi,1 gads,26.99 €,,,,
456,Standarta,Uzliekamās,Ap galvu,Nav,Balta,20 - 20000 Hz,32 Ω,105 dB,Nav,Vadu,"3,5 mm",Ir,"1,8",2 gadi,1 gads,7.75 €,,,
457,Sportam,Uzliekamās/ Ieliekamās,Stiprinājums ausīs,Melna,6 - 20000 Hz,18 Ω,119 dB,Vadu,"3,5 mm",Nav informācijas,"1,2",2 gadi,1 gads,120.99 €,,,,,
458,Standarta,Uzliekamās,Ap galvu,Ir,Melna,20 - 20000 Hz,32 Ω,103 dB,Nav,Bezvadu,Bluetooth (bezvadu),Ir,Ir,Nav,Baterijas darbības laiks: līdz 40 h,2 gadi,1 gads,49.99 €,
459,Standarta,Ieliekamās,Stiprinājums ausīs,Ir,Melna,Nav informācijas,Nav informācijas Ω,Nav informācijas dB,Nav informācijas,Vadu,"3,5 mm",Ir,Ir,Nav informācijas,2 gadi,1 gads,8.49 €,,
460,Datoram,Pilnībā aizsedzošās ausis,Ap galvu,Nav,Melna,10 - 25000 Hz,"32,5 Ω","-40,5 dB",Nav informācijas,Vadu,"3,5 mm",Ir,Ir,Nav informācijas,2 gadi,1 gads,43.99 €,,
461,Standarta,Pilnībā aizsedzošās ausis,Ap galvu,Ir,Melna,20 - 20000 Hz,32 Ω,98 dB,Ir,Bezvadu,Bluetooth (bezvadu),Ir,Ir,Nav,Trokšņu slāpēšana,2 gadi,1 gads,89.99 €,
462,Standarta,Ieliekamās,Stiprinājums ausīs,Ir,Balta,20 - 20000 Hz,Nav informācijas Ω,Nav informācijas dB,Nav,Patiesi bezvadu (True Wireless),Bluetooth 5.0,Ir,Nav,Nav,Baterijas darbības laiks: līdz 25 h,2 gadi,1 gads,17.20 €,
463,Standarta,Ieliekamās,Stiprinājums ausīs,Ir,Balta,Nav,Patiesi bezvadu (True Wireless),Bluetooth (bezvadu),Ir,in-pack charging case,2 gadi,1 gads,9.99 €,,,,,,
464,Sportam,Ieliekamās,Stiprinājums ausīs,Ir,Balta,20 - 20000 Hz,16 Ω,98 dB,Nav informācijas,Bezvadu,Bluetooth (bezvadu),Ir,Ir,Nav,2 gadi,1 gads,13.99 €,,
465,Standarta,Ieliekamās,Stiprinājums ausīs,Nav,Melna / Pelēka,20 - 20000 Hz,Nav informācijas Ω,Nav informācijas dB,Ir (aktīvā),Patiesi bezvadu (True Wireless),Bluetooth (bezvadu),Ir,Ir,Nav,Baterijas darbības laiks: līdz 30 h,2 gadi,1 gads,199.99 €,
466,Standarta,Ieliekamās,Stiprinājums ausīs,Ir,Melna,18 - 22000 Hz,16 Ω,104 dB,Nav,Vadu,"3,5 mm",Nav,Nav,"1,2",Neodīma magnēti,2 gadi,1 gads,PDF,6.99 €
467,Standarta,Pilnībā aizsedzošās ausis,Ap galvu,Nav,Melna,20 - 20000 Hz,32 Ω,Nav,Bezvadu,Bluetooth (bezvadu),Ir,Ir,Nav,Darbības rādiuss līdz 10 m,2 gadi,1 gads,10.42 €,,
468,Standarta,Ieliekamās,Stiprinājums ausīs,Nav,Zaļa,20 - 20000 Hz,16 Ω,101 dB,Nav,Bezvadu,Bluetooth (bezvadu),Ir,Ir,Nav,Baterijas darbības laiks: līdz 18 h,2 gadi,1 gads,35.99 €,
469,Standarta,Ieliekamās,Stiprinājums ausīs,Nav,Melna,20 - 20000 Hz,20 Ω,118 dB,Nav,Bezvadu,Bluetooth (bezvadu),Ir,Ir,Nav,2 gadi,1 gads,29.99 €,,
470,Datoram,Pilnībā aizsedzošās ausis,Ap galvu,Nav,Melna,20 - 20000 Hz,32 Ω,97 dB,Nav,Vadu,"3,5 mm mini jack",Ir,Ir,2,Lieliski piemērots spēlēm,2 gadi,1 gads,10.99 €,
471,Standarta,Ieliekamās,Stiprinājums ausīs,Ir,Sudraba,20 - 20000 Hz,32 Ω,119 dB,Nav,Vadu,"3,5 mm",Ir,Ir,"1,2",Atbildēšana uz telefona zvanu,2 gadi,1 gads,12.59 €,
472,Standarta,Ieliekamās,Stiprinājums ausīs,Nav,Oranža,Nav informācijas,32 Ω,Nav informācijas dB,Ir,Patiesi bezvadu (True Wireless),Bluetooth (bezvadu),Ir,Nav informācijas,Nav,IP54,2 gadi,1 gads,29.99 €,
473,Standarta,Ieliekamās,Stiprinājums ausīs,Rozā,20 - 20000 Hz,16 Ω,102 dB,Nav,Vadu,"3,5 mm",Ir,Nav,"1,2",Lieliski piemērots spēlēm,2 gadi,1 gads,12.99 €,,
474,Standarta,Ieliekamās,Stiprinājums ausīs,Nav,Melna,Nav,Vadu,"3,5 mm",Ir,Nav,"1,2",Atbildēšana uz telefona zvanu,2 gadi,1 gads,4.49 €,,,,
475,Standarta,Uzliekamās,Ap galvu,Ir,Balta,20 - 20000 Hz,32 Ω,103 dB,Nav,Bezvadu,Bluetooth (bezvadu),Ir,Ir,Nav,Baterijas darbības laiks: līdz 40 h,2 gadi,1 gads,29.99 €,
476,Standarta,Ieliekamās,Stiprinājums ausīs,Nav,Oranža,20 - 20000 Hz,Nav informācijas Ω,Nav informācijas dB,Nav,Patiesi bezvadu (True Wireless),Bluetooth (bezvadu),Ir,Ir,Nav,IPX4,2 gadi,1 gads,69.99 €,
477,Datoram,Pilnībā aizsedzošās ausis,Ap galvu,Nav,Melna,20 - 20000 Hz,32 Ω,100 dB,Nav,Vadu,"3,5 mm",Ir,Ir,"1,2",2 gadi,1 gads,59.99 €,,
478,Standarta,Ieliekamās,Stiprinājums ausīs,Nav,Violeta,Nav informācijas,16 Ω,Nav informācijas dB,Ir (aktīvā),Patiesi bezvadu (True Wireless),Bluetooth (bezvadu),Ir,Nav informācijas,Nav,IP54,2 gadi,1 gads,64.99 €,
479,Standarta,Ieliekamās,Stiprinājums ausīs,Nav,Balta,Nav informācijas,Nav informācijas Ω,Nav informācijas dB,Ir,Bezvadu,Bluetooth (bezvadu),Ir,Ir,Nav,"Baterijas darbības laiks: līdz 8,5 h",2 gadi,1 gads,99.00 €,
480,Standarta,Ieliekamās,Stiprinājums ausīs,Nav,Melna,20 - 20000 Hz,Ir,Bezvadu,Bluetooth (bezvadu),Ir,Ir,IPX4,2 gadi,1 gads,129.99 €,,,,
481,Standarta,Ieliekamās,Stiprinājums ausīs,Balta,Nav informācijas,Nav informācijas Ω,Nav informācijas dB,Ir (aktīvā),Patiesi bezvadu (True Wireless),Bluetooth (bezvadu),Ir,Ir,Nav,2 gadi,1 gads,169.00 €,,,
482,Profesionālas,Ieliekamās,Stiprinājums ausīs,Nav,Melna,Nav informācijas,32 Ω,Nav informācijas dB,Ir,Bezvadu,Bluetooth (bezvadu),Ir,Ir,Nav,Baterijas darbības laiks: līdz 28 h,2 gadi,1 gads,59.99 €,
483,Standarta,Pilnībā aizsedzošās ausis,Ap galvu,Ir,Zila,20 - 20000 Hz,32 Ω,100 dB,Ir,Bezvadu,"Bluetooth (bezvadu) + 3,5 mm (ar vadu)",Ir,Ir,Nav,Atbildēšana uz telefona zvanu,2 gadi,1 gads,PDF,149.99 €
484,Datoram,Pilnībā aizsedzošās ausis,Ap galvu,Nav,Melna,20 - 20000 Hz,16 Ω,120 dB,Nav,Vadu,2 x minijack + USB,Ir,Ir,"2,2",LED apgaismojums,2 gadi,1 gads,13.99 €,
485,Standarta,Ieliekamās,Stiprinājums ausīs,Balta,Nav informācijas,16 Ω,Nav informācijas dB,Nav informācijas,Vadu,Lightning (Apple pieslegvieta),Ir,Ir,"1,2",2 gadi,1 gads,8.99 €,,,
486,Standarta,Ieliekamās,Stiprinājums ausīs,Nav,Balta / Sudraba,5 - 21000 Hz,Nav informācijas Ω,107 dB,Ir (aktīvā),Patiesi bezvadu (True Wireless),Bluetooth (bezvadu),Ir,Nav informācijas,Nav,2 gadi,1 gads,299.00 €,,
487,Standarta,Uzliekamās,Ap galvu,Ir,Melna,20 - 20000 Hz,32 Ω,100 dB,Ir (aktīvā),Bezvadu,Bluetooth (bezvadu),Ir,Ir,Nav,Baterijas darbības laiks: līdz 44 h,2 gadi,1 gads,79.99 €,
488,Datoram,Pilnībā aizsedzošās ausis,Ap galvu,Nav,Melna,20 - 20000 Hz,39 Ω,"87,5 dB",Nav,Bezvadu,USB (bezvadu),Ir,Ir,Nav,LED apgaismojums,2 gadi,1 gads,149.99 €,
489,Standarta,Ieliekamās,Stiprinājums ausīs,Ir,Balta,20 - 20000 Hz,Nav informācijas Ω,Nav informācijas dB,Nav,Bezvadu,Bluetooth 5.0,Ir,Ir,Nav,Atbildēšana uz telefona zvanu,2 gadi,1 gads,34.99 €,
490,Standarta,Ieliekamās,Stiprinājums ausīs,Zila,Nav informācijas,Nav informācijas Ω,Nav informācijas dB,Ir,Patiesi bezvadu (True Wireless),Bluetooth (bezvadu),Ir,Nav,Nav,Baterijas darbības laiks: līdz 9 h,2 gadi,1 gads,80.99 €,,
491,Datoram,Pilnībā aizsedzošās ausis,Ap galvu,Nav,Melna / Zila,15 – 26000 Hz,19 Ω,113 dB,Ir (pasīvā),Vadu,"3,5 mm",Ir,Ir,2,Lieliski piemērots spēlēm,2 gadi,1 gads,71.99 €,
492,Datoram,Pilnībā aizsedzošās ausis,Ap galvu,Nav,Melna,14 - 26000 Hz,50 Ω,108 dB,Nav,Vadu,"6,3 mm",Nav,Nav,3,2 gadi,1 gads,79.00 €,,
493,Standarta,Ieliekamās,Stiprinājums ausīs,Ir,Balta,5 – 20000 Hz,23 Ω,114 dB,Nav,Vadu,"3,5 mm mini jack",Ir,Ir,"1,2",Vadības pults ar mikrofonu,2 gadi,1 gads,18.99 €,
494,Standarta,Pilnībā aizsedzošās ausis,Ap galvu,Ir,Violeta,20 - 20000 Hz,32 Ω,98 dB,Ir,Bezvadu,Bluetooth (bezvadu),Ir,Ir,Nav,Trokšņu slāpēšana,2 gadi,1 gads,83.74 €,
495,Sportam,Ieliekamās,Stiprinājums ausīs,Melna,Nav informācijas,Nav informācijas Ω,Nav informācijas dB,Ir,Patiesi bezvadu (True Wireless),Bluetooth 5.2,Ir,Ir,Nav,IP54,2 gadi,1 gads,69.00 €,,
496,Sportam,Ieliekamās,Stiprinājums uz ausīm,Melna,20 - 20000 Hz,16 Ω,96 dB,Nav,Vadu,"3,5 mm",Ir,Ir,"1,2",IPX2,2 gadi,1 gads,8.99 €,,
497,Sportam,Ieliekamās,Stiprinājums ausīs,Nav,Bēša,20 - 20000 Hz,Nav informācijas Ω,Nav informācijas dB,Ir (aktīvā),Patiesi bezvadu (True Wireless),Bluetooth (bezvadu),Ir,Ir,Nav,Baterijas darbības laiks: līdz 30 h,2 gadi,1 gads,149.99 €,
498,Standarta,Uzliekamās,Ap galvu,Ir,Zila,20 - 20000 Hz,32 Ω,103 dB,Ir,Bezvadu,"Bluetooth (bezvadu) + 3,5 mm (ar vadu)",Ir,Ir,"1,2",Balss vadība,2 gadi,1 gads,129.99 €,
499,Standarta,Pilnībā aizsedzošās ausis,Ap galvu,Ir,Zila,20 - 20000 Hz,Nav informācijas Ω,95 dB,Nav,Bezvadu,"Bluetooth (bezvadu) + 3,5 mm (ar vadu)",Ir,Ir,Nav,2 gadi,1 gads,79.99 €,,
500,Datoram,Uzliekamās,Ap galvu,Nav,Melna / Sarkana,150 - 7000 Hz,32 Ω,93 dB,Vadu,3.5 mm + USB,Ir,Ir,"1,2",2 gadi,1 gads,62.35 €,,,
501,Standarta,Ieliekamās,Stiprinājums ausīs,Ir,Melna / Zaļa,20 - 20000 Hz,16 Ω,93 dB,Nav,Vadu,"3,5 mm",Nav,Nav,"1,25",Nav,2 gadi,1 gads,1.99 €,
502,Standarta,Ieliekamās,Stiprinājums ausīs,Melna,20 - 20000 Hz,16 Ω,97 dB,Ir (aktīvā),Patiesi bezvadu (True Wireless),Bluetooth (bezvadu),Ir,IP54,2 gadi,1 gads,79.99 €,,,,
503,Standarta,Ieliekamās,Stiprinājums ausīs,Nav,Balta,Nav informācijas,Nav informācijas Ω,Nav informācijas dB,Ir (aktīvā),Patiesi bezvadu (True Wireless),Bluetooth 5.3,Ir,Nav informācijas,Nav,Baterijas darbības laiks: līdz 10 h,2 gadi,1 gads,74.99 €,
504,Standarta,Pilnībā aizsedzošās ausis,Ap galvu,Ir,Melna,12 – 22000 Hz,24 Ω,98 dB,Nav,Vadu,"3,5 mm",Nav,Nav,"1,2",Neodīma magnēti 30mm,2 gadi,1 gads,PDF,14.00 €
505,Sportam,Ieliekamās,Stiprinājums uz ausīm,Ir,Balta,20 - 20000 Hz,Nav informācijas Ω,Nav informācijas dB,Nav informācijas,Bezvadu,Bluetooth (bezvadu),Ir,Nav informācijas,Nav,2 gadi,1 gads,25.99 €,,
506,Standarta,Ieliekamās,Stiprinājums ausīs,Nav,Melna,20 - 20000 Hz,16 Ω,97 dB,Nav,Patiesi bezvadu (True Wireless),Bluetooth (bezvadu),Ir,Nav,Nav,IPX4,2 gadi,1 gads,19.99 €,
507,Standarta,Pilnībā aizsedzošās ausis,Ap galvu,Nav,Sudraba,20 - 20000 Hz,48 Ω,102 dB,Ir,Bezvadu,"Bluetooth (bezvadu) + 3,5 mm (ar vadu)",Ir,Ir,"1,2",Darbības rādiuss līdz 10 m,2 gadi,1 gads,330.00 €,
508,Standarta,Uzliekamās,Ap galvu,Ir,Balta,5 – 20000 Hz,32 Ω,110 dB,Ir (aktīvā),Bezvadu,"Bluetooth (bezvadu) + 3,5 mm (ar vadu)",Ir,Ir,"1,2",Baterijas darbības laiks: līdz 30 h,2 gadi,1 gads,199.00 €,
509,Standarta,Uzliekamās,Ap galvu,Ir,Brūna,20 Hz – 20 kHz,32 Ω,99 dB,Nav,Bezvadu,"Bluetooth (bezvadu) + 3,5 mm (ar vadu)",Ir,Ir,Akumulatora darbības laiks 80+ stundas.,2 gadi,1 gads,129.99 €,,
510,Standarta,Ieliekamās,Stiprinājums ausīs,Melna,20 - 20000 Hz,32 Ω,103 dB,Nav,Vadu,USB Type-C,Ir,"1,2",Viegla svara dizains,2 gadi,1 gads,14.59 €,,,
511,Standarta,Pilnībā aizsedzošās ausis,Ap galvu,Ir,Melna,20 - 20000 Hz,Nav,Vadu,"3,5 mm",Ir,"1,2",Neodīma magnēti 32mm,2 gadi,1 gads,26.99 €,,,,
512,Standarta,Ieliekamās,Stiprinājums ausīs,Ir,Zaļa,20 - 20000 Hz,16 Ω,96 dB,Nav,Vadu,"3,5 mm",Ir,Nav,"1,25",2 gadi,1 gads,2.49 €,,
513,Standarta,Ieliekamās,Stiprinājums ausīs,Ir,Pelēka,20 - 20000 Hz,16 Ω,96 dB,Nav,Vadu,"3,5 mm",Ir,Nav,"1,2",2 gadi,1 gads,16.99 €,,
